country_rank,username,reputation,worldwide_rank,resolved_reports,thanks_items,signal,impact,user_type,profile,user_id
1,supermancyber,29144,47,672,72,6.99,16.94,individual,https://hackerone.com/supermancyber,Z2lkOi8vaGFja2Vyb25lL1VzZXIvMjg0NTYzOA==
2,irwanjugabro,25537,61,688,232,6.22,18.67,individual,https://hackerone.com/irwanjugabro,Z2lkOi8vaGFja2Vyb25lL1VzZXIvOTgzNjU3
3,amr_id,10394,237,278,39,6.97,18.46,individual,https://hackerone.com/amr_id,Z2lkOi8vaGFja2Vyb25lL1VzZXIvMjM3OTg3Nw==
4,hrdfrdh,9894,,413,251,5.86,16.82,individual,https://hackerone.com/hrdfrdh,Z2lkOi8vaGFja2Vyb25lL1VzZXIvMTcwOTQ2Ng==
5,emanuelharijanto,9536,267,273,144,6.62,18.99,individual,https://hackerone.com/emanuelharijanto,Z2lkOi8vaGFja2Vyb25lL1VzZXIvNjkxNDA0
6,root_geek280,9154,281,245,161,5.84,19.35,individual,https://hackerone.com/root_geek280,Z2lkOi8vaGFja2Vyb25lL1VzZXIvNDg5NjAy
7,rafiem,8121,326,358,13,6.43,15.55,individual,https://hackerone.com/rafiem,Z2lkOi8vaGFja2Vyb25lL1VzZXIvNDI4MzQ3
8,n13s,7033,393,188,59,5.61,19.52,individual,https://hackerone.com/n13s,Z2lkOi8vaGFja2Vyb25lL1VzZXIvMTI4ODI5NQ==
9,clearlovefanboi,6339,437,84,101,6.69,29.54,individual,https://hackerone.com/clearlovefanboi,Z2lkOi8vaGFja2Vyb25lL1VzZXIvMTI3Njg3NA==
10,gnux,5517,515,185,79,4.62,17.57,individual,https://hackerone.com/gnux,Z2lkOi8vaGFja2Vyb25lL1VzZXIvNTkxOTY=
11,back2arie,5186,558,128,68,7.0,20.28,individual,https://hackerone.com/back2arie,Z2lkOi8vaGFja2Vyb25lL1VzZXIvMjUyMjI2Nw==
12,auxirie,5009,576,110,23,6.88,18.37,individual,https://hackerone.com/auxirie,Z2lkOi8vaGFja2Vyb25lL1VzZXIvMTE2Njk5NA==
13,vibonacci,4663,622,89,52,6.47,26.04,individual,https://hackerone.com/vibonacci,Z2lkOi8vaGFja2Vyb25lL1VzZXIvMjI4NjYwOA==
14,find_me_here,4625,626,125,43,5.64,19.36,individual,https://hackerone.com/find_me_here,Z2lkOi8vaGFja2Vyb25lL1VzZXIvMTI3MTg0NA==
15,ssherlock1,4595,628,121,33,6.29,17.03,individual,https://hackerone.com/ssherlock1,Z2lkOi8vaGFja2Vyb25lL1VzZXIvMjgzOTIwNw==
16,arong3117,4349,661,166,18,6.58,16.36,individual,https://hackerone.com/arong3117,Z2lkOi8vaGFja2Vyb25lL1VzZXIvMjYwNDI5NQ==
17,apapedulimu,4047,727,134,35,5.46,17.35,individual,https://hackerone.com/apapedulimu,Z2lkOi8vaGFja2Vyb25lL1VzZXIvMTU4NDA3
18,gevakun,3948,742,112,29,6.59,13.9,individual,https://hackerone.com/gevakun,Z2lkOi8vaGFja2Vyb25lL1VzZXIvMTgzNjgz
19,cthulhufhtagn,3446,840,58,11,6.89,22.93,individual,https://hackerone.com/cthulhufhtagn,Z2lkOi8vaGFja2Vyb25lL1VzZXIvOTQxNzIy
20,tipsen,3373,866,46,33,7.0,19.47,individual,https://hackerone.com/tipsen,Z2lkOi8vaGFja2Vyb25lL1VzZXIvNDI1MjIzOQ==
21,muhammaddaffa,2865,1008,74,49,5.92,18.45,individual,https://hackerone.com/muhammaddaffa,Z2lkOi8vaGFja2Vyb25lL1VzZXIvNTg5NzAw
22,v0id1,2861,1010,90,24,6.42,21.58,individual,https://hackerone.com/v0id1,Z2lkOi8vaGFja2Vyb25lL1VzZXIvMjEzNjg3MQ==
23,them4les_l1r,2808,1032,85,14,6.23,16.87,individual,https://hackerone.com/them4les_l1r,Z2lkOi8vaGFja2Vyb25lL1VzZXIvMTA1OTk3Nw==
24,frozzipies,2777,1039,63,21,5.88,16.79,individual,https://hackerone.com/frozzipies,Z2lkOi8vaGFja2Vyb25lL1VzZXIvMjEwNDU2OA==
25,mrzheev,2473,1143,67,50,4.49,20.9,individual,https://hackerone.com/mrzheev,Z2lkOi8vaGFja2Vyb25lL1VzZXIvMTI5NTE4MQ==
26,mhmmdazhari,2430,1162,63,22,7.0,21.96,individual,https://hackerone.com/mhmmdazhari,Z2lkOi8vaGFja2Vyb25lL1VzZXIvNjkzNTI0
27,abdilahrf_,2396,1178,77,58,5.28,19.49,individual,https://hackerone.com/abdilahrf_,Z2lkOi8vaGFja2Vyb25lL1VzZXIvODU1OA==
28,zeeagil,2381,1186,46,17,6.41,15.5,individual,https://hackerone.com/zeeagil,Z2lkOi8vaGFja2Vyb25lL1VzZXIvMjY1NTIzMg==
29,nnxxrr,2317,,31,16,5.69,18.6,individual,https://hackerone.com/nnxxrr,Z2lkOi8vaGFja2Vyb25lL1VzZXIvMjk5OTk5MA==
30,0xshdax,2233,1240,86,49,6.38,16.45,individual,https://hackerone.com/0xshdax,Z2lkOi8vaGFja2Vyb25lL1VzZXIvMTAwNDU1MQ==
31,n1rmala,2159,1292,44,17,4.45,15.36,individual,https://hackerone.com/n1rmala,Z2lkOi8vaGFja2Vyb25lL1VzZXIvMjgxOTU4OA==
32,syarif07,2140,1301,59,28,3.76,18.12,individual,https://hackerone.com/syarif07,Z2lkOi8vaGFja2Vyb25lL1VzZXIvMTc4NjU5OA==
33,smileydoxxx,2112,1315,76,44,5.09,17.93,individual,https://hackerone.com/smileydoxxx,Z2lkOi8vaGFja2Vyb25lL1VzZXIvMTE2MjQyNA==
34,rabka,2101,1320,29,10,7.0,24.66,individual,https://hackerone.com/rabka,Z2lkOi8vaGFja2Vyb25lL1VzZXIvMjU0NzAzMQ==
35,b4dc4t,1869,1447,49,35,6.49,17.74,individual,https://hackerone.com/b4dc4t,Z2lkOi8vaGFja2Vyb25lL1VzZXIvMTA1MDI3NA==
36,prasetia,1790,1498,62,8,5.75,20.25,individual,https://hackerone.com/prasetia,Z2lkOi8vaGFja2Vyb25lL1VzZXIvMTU3NTA1
37,antonade,1611,1633,11,23,5.91,17.5,individual,https://hackerone.com/antonade,Z2lkOi8vaGFja2Vyb25lL1VzZXIvMzg3MjgyNA==
38,hiroot,1494,1733,42,28,4.06,26.31,individual,https://hackerone.com/hiroot,Z2lkOi8vaGFja2Vyb25lL1VzZXIvMzc3NDY=
39,toxfly,1479,1753,27,5,6.67,27.08,individual,https://hackerone.com/toxfly,Z2lkOi8vaGFja2Vyb25lL1VzZXIvMjgyMzE4NQ==
40,sepolia,1422,1811,48,22,5.28,17.64,individual,https://hackerone.com/sepolia,Z2lkOi8vaGFja2Vyb25lL1VzZXIvMTc4MjQ3
41,33x,1422,1811,30,16,6.46,17.45,individual,https://hackerone.com/33x,Z2lkOi8vaGFja2Vyb25lL1VzZXIvMzQ0MDIyMw==
42,0x3rz4f,1420,1816,45,9,6.76,23.45,individual,https://hackerone.com/0x3rz4f,Z2lkOi8vaGFja2Vyb25lL1VzZXIvMjI1MjA4NA==
43,bebensap,1346,1885,52,13,5.8,28.33,individual,https://hackerone.com/bebensap,Z2lkOi8vaGFja2Vyb25lL1VzZXIvNDMxNTE3Mg==
44,rootbakar_,1315,1923,49,17,2.65,17.12,individual,https://hackerone.com/rootbakar_,Z2lkOi8vaGFja2Vyb25lL1VzZXIvMjYwNTE0
45,asdqw3,1204,2070,38,23,6.08,23.03,individual,https://hackerone.com/asdqw3,Z2lkOi8vaGFja2Vyb25lL1VzZXIvNzMzNTMw
46,xzyhellsing,1191,2087,11,23,6.16,19.38,individual,https://hackerone.com/xzyhellsing,Z2lkOi8vaGFja2Vyb25lL1VzZXIvMjYxNDY2Mw==
47,nanwn,1186,2096,37,33,4.05,23.29,individual,https://hackerone.com/nanwn,Z2lkOi8vaGFja2Vyb25lL1VzZXIvNTU3MTQ1
48,elvies,1170,2118,11,18,7.0,17.12,individual,https://hackerone.com/elvies,Z2lkOi8vaGFja2Vyb25lL1VzZXIvMjg0NjA2Mw==
49,novemberelang,1167,2123,35,19,6.06,15.8,individual,https://hackerone.com/novemberelang,Z2lkOi8vaGFja2Vyb25lL1VzZXIvMjgzNzAzOQ==
50,ferdirianrk,1119,2191,123,5,6.81,24.0,individual,https://hackerone.com/ferdirianrk,Z2lkOi8vaGFja2Vyb25lL1VzZXIvMjMzMjMzOA==
51,h1xploit,1106,2209,34,14,6.05,20.41,individual,https://hackerone.com/h1xploit,Z2lkOi8vaGFja2Vyb25lL1VzZXIvMjQzMDI5MA==
52,lilroot,1084,,13,10,5.75,16.55,individual,https://hackerone.com/lilroot,Z2lkOi8vaGFja2Vyb25lL1VzZXIvMzAzNzc5Mg==
53,shinzumx,1062,2291,16,17,5.54,18.19,individual,https://hackerone.com/shinzumx,Z2lkOi8vaGFja2Vyb25lL1VzZXIvMzIzNDg5Ng==
54,sourc7,1052,2304,37,8,6.68,18.16,individual,https://hackerone.com/sourc7,Z2lkOi8vaGFja2Vyb25lL1VzZXIvMTA5NDg1NQ==
55,cancerz,1049,2308,36,5,5.47,18.42,individual,https://hackerone.com/cancerz,Z2lkOi8vaGFja2Vyb25lL1VzZXIvODU3NjE2
56,eneri,1007,2355,27,22,5.67,18.12,individual,https://hackerone.com/eneri,Z2lkOi8vaGFja2Vyb25lL1VzZXIvMjQ3MjMyOQ==
57,ferdihermawan1337,990,2379,28,18,5.57,15.26,individual,https://hackerone.com/ferdihermawan1337,Z2lkOi8vaGFja2Vyb25lL1VzZXIvNjMzNDgy
58,g0dzira,985,2390,29,21,6.42,18.94,individual,https://hackerone.com/g0dzira,Z2lkOi8vaGFja2Vyb25lL1VzZXIvNjc1Mzc1
59,ro_,962,2441,32,24,4.38,16.76,individual,https://hackerone.com/ro_,Z2lkOi8vaGFja2Vyb25lL1VzZXIvMTkwNzA3
60,revoulk,953,2451,24,22,6.66,15.0,individual,https://hackerone.com/revoulk,Z2lkOi8vaGFja2Vyb25lL1VzZXIvMjkwNDQwNw==
61,zerboa,925,2516,25,17,3.8,22.24,individual,https://hackerone.com/zerboa,Z2lkOi8vaGFja2Vyb25lL1VzZXIvMzAxOTI4
62,address_below0,919,2524,25,11,6.25,24.38,individual,https://hackerone.com/address_below0,Z2lkOi8vaGFja2Vyb25lL1VzZXIvMjM1MzMzMg==
63,timor_,916,2534,15,16,3.46,18.03,individual,https://hackerone.com/timor_,Z2lkOi8vaGFja2Vyb25lL1VzZXIvMTk4NDM3
64,bs0xx,885,2622,26,10,6.62,17.19,individual,https://hackerone.com/bs0xx,Z2lkOi8vaGFja2Vyb25lL1VzZXIvMzE1NDU5Mg==
65,randrly,883,2626,29,16,4.58,17.66,individual,https://hackerone.com/randrly,Z2lkOi8vaGFja2Vyb25lL1VzZXIvOTQwNTYx
66,wpanggoro,863,2673,17,5,5.84,20.0,individual,https://hackerone.com/wpanggoro,Z2lkOi8vaGFja2Vyb25lL1VzZXIvMzI5OTUyMg==
67,malagham,862,2676,96,33,5.59,20.0,individual,https://hackerone.com/malagham,Z2lkOi8vaGFja2Vyb25lL1VzZXIvMTU2MDUyNQ==
68,rdzsp,830,2737,25,6,6.59,16.61,individual,https://hackerone.com/rdzsp,Z2lkOi8vaGFja2Vyb25lL1VzZXIvNjU0MTY4
69,xchopath,825,2755,28,8,7.0,24.0,individual,https://hackerone.com/xchopath,Z2lkOi8vaGFja2Vyb25lL1VzZXIvMjQwNTk3Mg==
70,riodrwn,823,2758,51,27,6.44,23.57,individual,https://hackerone.com/riodrwn,Z2lkOi8vaGFja2Vyb25lL1VzZXIvMjU5OTMzNw==
71,n00bsec,793,2829,51,52,3.77,11.72,individual,https://hackerone.com/n00bsec,Z2lkOi8vaGFja2Vyb25lL1VzZXIvMTM0NTE3
72,eltoruz,739,2991,8,9,6.56,22.14,individual,https://hackerone.com/eltoruz,Z2lkOi8vaGFja2Vyb25lL1VzZXIvMjk3MjkxNw==
73,reivalentino,711,3078,18,10,3.57,23.5,individual,https://hackerone.com/reivalentino,Z2lkOi8vaGFja2Vyb25lL1VzZXIvMzU1NDY4Nw==
74,jon_jos,711,3078,20,28,3.62,15.58,individual,https://hackerone.com/jon_jos,Z2lkOi8vaGFja2Vyb25lL1VzZXIvNzk0MzIx
75,g0wthr,678,3186,17,2,6.64,20.29,individual,https://hackerone.com/g0wthr,Z2lkOi8vaGFja2Vyb25lL1VzZXIvOTIzODA3
76,felcity,634,3344,29,27,6.27,13.2,individual,https://hackerone.com/felcity,Z2lkOi8vaGFja2Vyb25lL1VzZXIvMTExOTgzNw==
77,agate_,634,3344,9,11,7.0,25.38,individual,https://hackerone.com/agate_,Z2lkOi8vaGFja2Vyb25lL1VzZXIvMzMzODMxNQ==
78,victimjugabro,628,,15,7,1.21,30.31,individual,https://hackerone.com/victimjugabro,Z2lkOi8vaGFja2Vyb25lL1VzZXIvMTMxNzgzMA==
79,nyxsorcerer,627,3373,12,8,7.0,28.93,individual,https://hackerone.com/nyxsorcerer,Z2lkOi8vaGFja2Vyb25lL1VzZXIvMTQ5NTYxNw==
80,kos0ng,610,3462,21,10,7.0,17.63,individual,https://hackerone.com/kos0ng,Z2lkOi8vaGFja2Vyb25lL1VzZXIvMTg1Njc2
81,satelitesarecool,604,3485,9,10,4.0,20.0,individual,https://hackerone.com/satelitesarecool,Z2lkOi8vaGFja2Vyb25lL1VzZXIvNDM4NTA2OA==
82,yottt,597,3519,8,10,2.41,19.55,individual,https://hackerone.com/yottt,Z2lkOi8vaGFja2Vyb25lL1VzZXIvNDMxMzM0MQ==
83,syahrul_akbar_r,595,3533,16,13,3.35,24.38,individual,https://hackerone.com/syahrul_akbar_r,Z2lkOi8vaGFja2Vyb25lL1VzZXIvMTcxNzI4
84,argareksapatii,588,3561,14,17,3.23,19.21,individual,https://hackerone.com/argareksapatii,Z2lkOi8vaGFja2Vyb25lL1VzZXIvNDQwMjYwOA==
85,abejads,575,3622,12,16,7.0,26.43,individual,https://hackerone.com/abejads,Z2lkOi8vaGFja2Vyb25lL1VzZXIvODcxNDc4
86,rioncool22,574,3628,19,28,1.74,20.56,individual,https://hackerone.com/rioncool22,Z2lkOi8vaGFja2Vyb25lL1VzZXIvNTk4NjYz
87,dianeme_,559,3695,66,11,6.65,,individual,https://hackerone.com/dianeme_,Z2lkOi8vaGFja2Vyb25lL1VzZXIvMTA5NTE1NQ==
88,williamhanugra,548,3742,6,14,5.73,20.0,individual,https://hackerone.com/williamhanugra,Z2lkOi8vaGFja2Vyb25lL1VzZXIvMTE1MjA4
89,find_me_now,545,,14,6,6.25,20.94,individual,https://hackerone.com/find_me_now,Z2lkOi8vaGFja2Vyb25lL1VzZXIvMTYwNjcxNw==
90,pacenoge,536,3788,22,16,4.97,17.5,individual,https://hackerone.com/pacenoge,Z2lkOi8vaGFja2Vyb25lL1VzZXIvMTEyOTk1
91,wayc0de,532,3806,50,31,3.02,13.33,individual,https://hackerone.com/wayc0de,Z2lkOi8vaGFja2Vyb25lL1VzZXIvNDA3MjU=
92,papachicken,532,3806,6,11,7.0,21.25,individual,https://hackerone.com/papachicken,Z2lkOi8vaGFja2Vyb25lL1VzZXIvNDE0ODkxNA==
93,femiii,529,,2,8,3.0,,individual,https://hackerone.com/femiii,Z2lkOi8vaGFja2Vyb25lL1VzZXIvMjk5Mjc3NA==
94,prkz,528,3824,20,4,7.0,14.74,individual,https://hackerone.com/prkz,Z2lkOi8vaGFja2Vyb25lL1VzZXIvMTU1NTQxNg==
95,crewmc,528,3824,15,5,5.56,19.38,individual,https://hackerone.com/crewmc,Z2lkOi8vaGFja2Vyb25lL1VzZXIvOTI2Nzky
96,tofla007,526,3833,14,11,3.28,19.41,individual,https://hackerone.com/tofla007,Z2lkOi8vaGFja2Vyb25lL1VzZXIvODU3NDUy
97,towasamamajitenshi,515,3881,5,9,6.29,17.19,individual,https://hackerone.com/towasamamajitenshi,Z2lkOi8vaGFja2Vyb25lL1VzZXIvMjAwMDIwOQ==
98,jkpz86,513,3889,13,3,7.0,26.67,individual,https://hackerone.com/jkpz86,Z2lkOi8vaGFja2Vyb25lL1VzZXIvMjEyMTAxOA==
99,mrplufy,494,4011,15,10,4.0,15.62,individual,https://hackerone.com/mrplufy,Z2lkOi8vaGFja2Vyb25lL1VzZXIvMzIzMDQ3Nw==
100,sh1ne,481,4095,10,4,7.0,14.72,individual,https://hackerone.com/sh1ne,Z2lkOi8vaGFja2Vyb25lL1VzZXIvMjk1NzQyMA==
101,fariqfgi,480,4100,7,9,2.5,13.33,individual,https://hackerone.com/fariqfgi,Z2lkOi8vaGFja2Vyb25lL1VzZXIvMTQ5NTg3Nw==
102,n9rxxx,464,4212,8,9,1.6,25.42,individual,https://hackerone.com/n9rxxx,Z2lkOi8vaGFja2Vyb25lL1VzZXIvMjUzNTM2MQ==
103,mrardiansah,457,4256,11,12,6.33,15.0,individual,https://hackerone.com/mrardiansah,Z2lkOi8vaGFja2Vyb25lL1VzZXIvMjY5OTQ0Ng==
104,snvm,451,4299,14,20,5.67,20.0,individual,https://hackerone.com/snvm,Z2lkOi8vaGFja2Vyb25lL1VzZXIvMjYyMzY5Mg==
105,oyisam,431,4457,10,10,4.13,11.67,individual,https://hackerone.com/oyisam,Z2lkOi8vaGFja2Vyb25lL1VzZXIvMTAyMDY0Nw==
106,bolanid2,422,4527,10,5,5.59,20.45,individual,https://hackerone.com/bolanid2,Z2lkOi8vaGFja2Vyb25lL1VzZXIvMzU2NDU4Mg==
107,foui,415,4578,4,2,7.0,32.5,individual,https://hackerone.com/foui,Z2lkOi8vaGFja2Vyb25lL1VzZXIvMjQ1MTIzMQ==
108,privdarkside,407,4639,11,13,6.25,16.92,individual,https://hackerone.com/privdarkside,Z2lkOi8vaGFja2Vyb25lL1VzZXIvNDM4NjAyNA==
109,xterm19,403,4675,13,14,6.2,17.73,individual,https://hackerone.com/xterm19,Z2lkOi8vaGFja2Vyb25lL1VzZXIvMjY0NTc3Ng==
110,lamsyah,398,4721,23,9,5.76,18.33,individual,https://hackerone.com/lamsyah,Z2lkOi8vaGFja2Vyb25lL1VzZXIvNDg4MDYz
111,johanw,394,4753,6,18,5.59,20.0,individual,https://hackerone.com/johanw,Z2lkOi8vaGFja2Vyb25lL1VzZXIvMTg2NDQx
112,tanknight,391,4790,10,7,5.5,22.0,individual,https://hackerone.com/tanknight,Z2lkOi8vaGFja2Vyb25lL1VzZXIvMzMyOTA0NA==
113,0x666,380,4893,10,1,6.36,21.0,individual,https://hackerone.com/0x666,Z2lkOi8vaGFja2Vyb25lL1VzZXIvNTI0MjEz
114,codeslayer1337,379,4906,51,26,0.65,14.58,individual,https://hackerone.com/codeslayer1337,Z2lkOi8vaGFja2Vyb25lL1VzZXIvMTg1Nzc5
115,rflame,378,4919,16,19,,,individual,https://hackerone.com/rflame,Z2lkOi8vaGFja2Vyb25lL1VzZXIvMTMyODAwMw==
116,c2b,377,4927,8,8,6.04,20.0,individual,https://hackerone.com/c2b,Z2lkOi8vaGFja2Vyb25lL1VzZXIvNDM0MDMzNg==
117,akwkao,376,4932,15,12,,,individual,https://hackerone.com/akwkao,Z2lkOi8vaGFja2Vyb25lL1VzZXIvMjU2NTk4OA==
118,dotxml,372,4975,6,4,5.8,21.5,individual,https://hackerone.com/dotxml,Z2lkOi8vaGFja2Vyb25lL1VzZXIvMzA4MTQ5
119,khoyoko,369,5001,10,4,5.83,19.5,individual,https://hackerone.com/khoyoko,Z2lkOi8vaGFja2Vyb25lL1VzZXIvMTEwODA2OQ==
120,unknown4sec,367,5023,2,4,7.0,22.22,individual,https://hackerone.com/unknown4sec,Z2lkOi8vaGFja2Vyb25lL1VzZXIvMTkxODU5Nw==
121,tester092004,365,5042,10,10,2.19,13.64,individual,https://hackerone.com/tester092004,Z2lkOi8vaGFja2Vyb25lL1VzZXIvMzI1MDE5MA==
122,votr123,354,5157,9,9,4.24,23.75,individual,https://hackerone.com/votr123,Z2lkOi8vaGFja2Vyb25lL1VzZXIvNjAzNjAz
123,bigfoureyes,352,5175,9,10,3.8,17.73,individual,https://hackerone.com/bigfoureyes,Z2lkOi8vaGFja2Vyb25lL1VzZXIvMjYzNzAyNg==
124,rdnzx,344,5281,12,15,1.73,15.77,individual,https://hackerone.com/rdnzx,Z2lkOi8vaGFja2Vyb25lL1VzZXIvMTE4MDA5Mg==
125,yatmaa,343,5294,8,5,6.0,13.33,individual,https://hackerone.com/yatmaa,Z2lkOi8vaGFja2Vyb25lL1VzZXIvMzM4MjcyNQ==
126,0xrikiszk,326,5486,2,10,3.8,28.33,individual,https://hackerone.com/0xrikiszk,Z2lkOi8vaGFja2Vyb25lL1VzZXIvNDQ4NDk5NQ==
127,r1pu5u,324,5519,7,11,6.0,15.56,individual,https://hackerone.com/r1pu5u,Z2lkOi8vaGFja2Vyb25lL1VzZXIvOTk0MDc2
128,muhammadidriss,321,,1,4,-3.0,15.0,individual,https://hackerone.com/muhammadidriss,Z2lkOi8vaGFja2Vyb25lL1VzZXIvMjg5Mzk4Mg==
129,toukakirishima,320,5569,10,4,4.23,15.0,individual,https://hackerone.com/toukakirishima,Z2lkOi8vaGFja2Vyb25lL1VzZXIvMjEyNTA5OQ==
130,zkey0,318,5593,8,8,1.86,20.0,individual,https://hackerone.com/zkey0,Z2lkOi8vaGFja2Vyb25lL1VzZXIvMTQ5MDE1Mg==
131,k4rtyax,318,5593,3,5,5.5,28.33,individual,https://hackerone.com/k4rtyax,Z2lkOi8vaGFja2Vyb25lL1VzZXIvNDI1MjUzNw==
132,viperblitzz,312,5685,1,6,4.6,17.5,individual,https://hackerone.com/viperblitzz,Z2lkOi8vaGFja2Vyb25lL1VzZXIvMjU3MDgzOQ==
133,xklepxn,303,5813,10,12,1.87,25.83,individual,https://hackerone.com/xklepxn,Z2lkOi8vaGFja2Vyb25lL1VzZXIvOTU2MjQ4
134,aydilfhr,298,5891,10,15,4.23,19.0,individual,https://hackerone.com/aydilfhr,Z2lkOi8vaGFja2Vyb25lL1VzZXIvMjEzMTA2MA==
135,quain,292,5985,8,8,-0.09,31.67,individual,https://hackerone.com/quain,Z2lkOi8vaGFja2Vyb25lL1VzZXIvMTE1OTc1Nw==
136,urinaori,291,5999,3,3,7.0,24.17,individual,https://hackerone.com/urinaori,Z2lkOi8vaGFja2Vyb25lL1VzZXIvMTI4MDg5Mw==
137,srcode,287,6068,10,7,6.2,11.25,individual,https://hackerone.com/srcode,Z2lkOi8vaGFja2Vyb25lL1VzZXIvMjQ5MDY4Nw==
138,pikpik,283,6129,19,30,3.13,7.5,individual,https://hackerone.com/pikpik,Z2lkOi8vaGFja2Vyb25lL1VzZXIvOTE3MzMz
139,v8k2xf,281,6172,5,2,3.4,31.0,individual,https://hackerone.com/v8k2xf,Z2lkOi8vaGFja2Vyb25lL1VzZXIvNDM2MTEwMQ==
140,mrdoel,274,6301,19,9,3.97,,individual,https://hackerone.com/mrdoel,Z2lkOi8vaGFja2Vyb25lL1VzZXIvNjExNTY=
141,rafipiun,272,6349,8,10,4.6,24.0,individual,https://hackerone.com/rafipiun,Z2lkOi8vaGFja2Vyb25lL1VzZXIvOTE2MjQx
142,halwkly,268,6437,2,3,4.6,15.0,individual,https://hackerone.com/halwkly,Z2lkOi8vaGFja2Vyb25lL1VzZXIvNDM1MzA2NQ==
143,tejo,265,6493,4,4,3.0,29.0,individual,https://hackerone.com/tejo,Z2lkOi8vaGFja2Vyb25lL1VzZXIvNTM3MDM=
144,adissahilna25,259,6638,0,2,,17.5,individual,https://hackerone.com/adissahilna25,Z2lkOi8vaGFja2Vyb25lL1VzZXIvMjk4MzgwMg==
145,borneosec,259,6638,1,4,3.7,20.83,individual,https://hackerone.com/borneosec,Z2lkOi8vaGFja2Vyb25lL1VzZXIvOTE0NDQ4
146,softwareguy,257,6674,2,5,5.0,24.0,individual,https://hackerone.com/softwareguy,Z2lkOi8vaGFja2Vyb25lL1VzZXIvNDEzNzQx
147,medusa-btg,255,6713,5,1,7.0,24.0,individual,https://hackerone.com/medusa-btg,Z2lkOi8vaGFja2Vyb25lL1VzZXIvMjcyOTEyOA==
148,abritknight,254,6731,4,3,7.0,15.71,individual,https://hackerone.com/abritknight,Z2lkOi8vaGFja2Vyb25lL1VzZXIvNDMyMjk1OA==
149,s4dmach1ne,253,6746,4,2,7.0,15.0,individual,https://hackerone.com/s4dmach1ne,Z2lkOi8vaGFja2Vyb25lL1VzZXIvMjk4MjI1OA==
150,artmighty,253,6746,3,9,5.5,,individual,https://hackerone.com/artmighty,Z2lkOi8vaGFja2Vyb25lL1VzZXIvNDM4ODkyNQ==
151,bengsky,252,6763,3,2,0.38,29.0,individual,https://hackerone.com/bengsky,Z2lkOi8vaGFja2Vyb25lL1VzZXIvOTI1MDk5
152,ipin,251,6785,7,5,3.0,18.33,individual,https://hackerone.com/ipin,Z2lkOi8vaGFja2Vyb25lL1VzZXIvMTgxNzk4
153,type5afe,249,6828,8,8,6.0,,individual,https://hackerone.com/type5afe,Z2lkOi8vaGFja2Vyb25lL1VzZXIvMzI5ODY4MA==
154,trimatra-sec,248,6849,7,16,2.56,25.0,individual,https://hackerone.com/trimatra-sec,Z2lkOi8vaGFja2Vyb25lL1VzZXIvMzQ0OTMx
155,alonesus,246,6895,0,6,,,individual,https://hackerone.com/alonesus,Z2lkOi8vaGFja2Vyb25lL1VzZXIvNDM2NjAwMQ==
156,securiben,245,6924,5,3,2.64,18.0,individual,https://hackerone.com/securiben,Z2lkOi8vaGFja2Vyb25lL1VzZXIvMjM5NTI3MA==
157,stardot,242,6999,6,1,7.0,16.67,individual,https://hackerone.com/stardot,Z2lkOi8vaGFja2Vyb25lL1VzZXIvNTIzNTEy
158,darmo,241,7017,7,4,5.1,15.0,individual,https://hackerone.com/darmo,Z2lkOi8vaGFja2Vyb25lL1VzZXIvOTA3OTM4
159,key8ice,239,7056,6,5,1.5,15.0,individual,https://hackerone.com/key8ice,Z2lkOi8vaGFja2Vyb25lL1VzZXIvMjM4MzcxMA==
160,aliefis,237,7110,3,1,5.67,15.0,individual,https://hackerone.com/aliefis,Z2lkOi8vaGFja2Vyb25lL1VzZXIvMTU4ODg5NQ==
161,zhh,235,7164,9,20,-1.27,16.36,individual,https://hackerone.com/zhh,Z2lkOi8vaGFja2Vyb25lL1VzZXIvNzIzNzg0
162,saello,233,7219,4,6,0.38,15.0,individual,https://hackerone.com/saello,Z2lkOi8vaGFja2Vyb25lL1VzZXIvMzAwODYzMA==
163,phant0mc0der,230,7317,11,11,4.43,12.0,individual,https://hackerone.com/phant0mc0der,Z2lkOi8vaGFja2Vyb25lL1VzZXIvMzMxOTk=
164,aldi__satria,229,7347,7,5,5.5,15.0,individual,https://hackerone.com/aldi__satria,Z2lkOi8vaGFja2Vyb25lL1VzZXIvODk2NTc2
165,hikmahhusnuzon,226,7436,3,8,1.35,15.0,individual,https://hackerone.com/hikmahhusnuzon,Z2lkOi8vaGFja2Vyb25lL1VzZXIvMTcwMDczOQ==
166,samyu,222,7547,2,3,7.0,17.0,individual,https://hackerone.com/samyu,Z2lkOi8vaGFja2Vyb25lL1VzZXIvNDM1NDQ5OQ==
167,oshackx,220,7611,4,2,7.0,17.0,individual,https://hackerone.com/oshackx,Z2lkOi8vaGFja2Vyb25lL1VzZXIvMTIyMTM0OQ==
168,m_ghazi_dz,218,7681,1,7,,,individual,https://hackerone.com/m_ghazi_dz,Z2lkOi8vaGFja2Vyb25lL1VzZXIvMjk5OTAzMw==
169,psfauzi,217,7723,5,10,3.0,15.0,individual,https://hackerone.com/psfauzi,Z2lkOi8vaGFja2Vyb25lL1VzZXIvMjU5MTA4
170,iwasday,217,7723,5,1,5.0,15.0,individual,https://hackerone.com/iwasday,Z2lkOi8vaGFja2Vyb25lL1VzZXIvMzE5NzU4Mw==
171,moch_azril,214,7812,2,1,3.0,,individual,https://hackerone.com/moch_azril,Z2lkOi8vaGFja2Vyb25lL1VzZXIvMzIyMDk4OQ==
172,xfatih,213,7908,2,1,,,individual,https://hackerone.com/xfatih,Z2lkOi8vaGFja2Vyb25lL1VzZXIvMjM5MzY2Mg==
173,zeesozee,211,7976,8,8,6.14,,individual,https://hackerone.com/zeesozee,Z2lkOi8vaGFja2Vyb25lL1VzZXIvMjMwMTQ3NQ==
174,hooh_tenan,211,7976,3,1,7.0,30.0,individual,https://hackerone.com/hooh_tenan,Z2lkOi8vaGFja2Vyb25lL1VzZXIvMjUzMTE3MA==
175,whackoxjacko,210,8022,1,4,2.2,33.33,individual,https://hackerone.com/whackoxjacko,Z2lkOi8vaGFja2Vyb25lL1VzZXIvMTYyNzgzNQ==
176,dawinite,209,8075,5,7,7.0,17.5,individual,https://hackerone.com/dawinite,Z2lkOi8vaGFja2Vyb25lL1VzZXIvMjYzODI3OQ==
177,literallysleepy,208,8111,1,1,3.73,15.0,individual,https://hackerone.com/literallysleepy,Z2lkOi8vaGFja2Vyb25lL1VzZXIvNDUwNDE0Mw==
178,ultramyofficial,204,8259,4,7,7.0,,individual,https://hackerone.com/ultramyofficial,Z2lkOi8vaGFja2Vyb25lL1VzZXIvMzM1NTM0MQ==
179,setiawan_,200,8410,4,3,1.86,14.17,individual,https://hackerone.com/setiawan_,Z2lkOi8vaGFja2Vyb25lL1VzZXIvMjMxMTc0Mg==
180,hafiizh26,199,8446,3,5,2.5,17.5,individual,https://hackerone.com/hafiizh26,Z2lkOi8vaGFja2Vyb25lL1VzZXIvMTEzODE5NQ==
181,rhyru9,199,8446,8,14,4.75,,individual,https://hackerone.com/rhyru9,Z2lkOi8vaGFja2Vyb25lL1VzZXIvMjg0NTQ2NQ==
182,rakabtw,198,8483,10,14,5.5,,individual,https://hackerone.com/rakabtw,Z2lkOi8vaGFja2Vyb25lL1VzZXIvMzAwNTYyMQ==
183,imatvy-claus,197,8539,1,5,1.11,17.0,individual,https://hackerone.com/imatvy-claus,Z2lkOi8vaGFja2Vyb25lL1VzZXIvNDI5NTI1NQ==
184,spectrecyber,196,8570,2,5,2.5,13.33,individual,https://hackerone.com/spectrecyber,Z2lkOi8vaGFja2Vyb25lL1VzZXIvMzE3NzQ4Mg==
185,sigitsetiawansss,195,8627,4,2,2.5,15.0,individual,https://hackerone.com/sigitsetiawansss,Z2lkOi8vaGFja2Vyb25lL1VzZXIvMjMwNjkxOA==
186,baon007,195,8627,5,7,2.0,20.0,individual,https://hackerone.com/baon007,Z2lkOi8vaGFja2Vyb25lL1VzZXIvOTI1ODM3
187,ucuping,194,8669,2,5,-0.57,30.0,individual,https://hackerone.com/ucuping,Z2lkOi8vaGFja2Vyb25lL1VzZXIvMTE3ODk1OA==
188,hackmocrazy,192,8756,15,9,4.0,,individual,https://hackerone.com/hackmocrazy,Z2lkOi8vaGFja2Vyb25lL1VzZXIvMTEwMDE1Mg==
189,rebelsec,192,8756,4,4,4.6,17.5,individual,https://hackerone.com/rebelsec,Z2lkOi8vaGFja2Vyb25lL1VzZXIvMjY2MTIwOA==
190,mrmj777,192,8756,5,4,1.15,15.0,individual,https://hackerone.com/mrmj777,Z2lkOi8vaGFja2Vyb25lL1VzZXIvNDIzOTI0
191,yuyudhn,192,8756,4,7,7.0,,individual,https://hackerone.com/yuyudhn,Z2lkOi8vaGFja2Vyb25lL1VzZXIvOTU4NjYz
192,renald0ttt,189,8872,4,5,4.0,15.0,individual,https://hackerone.com/renald0ttt,Z2lkOi8vaGFja2Vyb25lL1VzZXIvMjE0ODM1NQ==
193,null41,188,8935,2,3,4.6,,individual,https://hackerone.com/null41,Z2lkOi8vaGFja2Vyb25lL1VzZXIvNDQ0MTk0NA==
194,sinarpagi,187,9003,3,7,4.0,15.0,individual,https://hackerone.com/sinarpagi,Z2lkOi8vaGFja2Vyb25lL1VzZXIvMTg5MjI0MA==
195,ninjamerah,183,9189,4,7,3.0,20.0,individual,https://hackerone.com/ninjamerah,Z2lkOi8vaGFja2Vyb25lL1VzZXIvMTUyMDE3Ng==
196,kobenienjoyer,182,9251,2,3,7.0,,individual,https://hackerone.com/kobenienjoyer,Z2lkOi8vaGFja2Vyb25lL1VzZXIvNjYyNTQ2
197,sambool,181,9301,3,1,4.0,21.67,individual,https://hackerone.com/sambool,Z2lkOi8vaGFja2Vyb25lL1VzZXIvNDMxODYwNg==
198,janganlupasholat,181,9301,2,3,5.64,,individual,https://hackerone.com/janganlupasholat,Z2lkOi8vaGFja2Vyb25lL1VzZXIvNzU0ODE4
199,kento911,180,9370,1,2,,,individual,https://hackerone.com/kento911,Z2lkOi8vaGFja2Vyb25lL1VzZXIvMzM5NzY4MA==
200,cyberspacex,179,9415,4,4,7.0,15.0,individual,https://hackerone.com/cyberspacex,Z2lkOi8vaGFja2Vyb25lL1VzZXIvMTg1Mzk1OQ==
201,reznv,178,9543,3,3,7.0,18.33,individual,https://hackerone.com/reznv,Z2lkOi8vaGFja2Vyb25lL1VzZXIvNDE4NDQwMg==
202,hellscorpion,177,,5,7,-1.67,15.0,individual,https://hackerone.com/hellscorpion,Z2lkOi8vaGFja2Vyb25lL1VzZXIvMjg1NTg1Mg==
203,xasa_sad234,176,,10,6,-2.25,17.73,individual,https://hackerone.com/xasa_sad234,Z2lkOi8vaGFja2Vyb25lL1VzZXIvMTE1OTM4Ng==
204,dwisiswant0,176,9654,6,11,0.86,,individual,https://hackerone.com/dwisiswant0,Z2lkOi8vaGFja2Vyb25lL1VzZXIvMTIyMzEzNQ==
205,arya_alfahrezy,176,9654,2,3,1.0,,individual,https://hackerone.com/arya_alfahrezy,Z2lkOi8vaGFja2Vyb25lL1VzZXIvMTM4NjQyNw==
206,rmrizki,176,9654,2,6,7.0,18.33,individual,https://hackerone.com/rmrizki,Z2lkOi8vaGFja2Vyb25lL1VzZXIvMjQ2NzQ5NQ==
207,demonhunter0x,176,9654,0,4,,,individual,https://hackerone.com/demonhunter0x,Z2lkOi8vaGFja2Vyb25lL1VzZXIvMzI4Mjk5OQ==
208,burningresolve,175,9738,8,4,5.8,,individual,https://hackerone.com/burningresolve,Z2lkOi8vaGFja2Vyb25lL1VzZXIvMjY4OTQ3NA==
209,yuuki403,174,9792,2,9,2.2,15.0,individual,https://hackerone.com/yuuki403,Z2lkOi8vaGFja2Vyb25lL1VzZXIvMTA4NTE2NQ==
210,sudiaman,174,9792,1,5,,15.0,individual,https://hackerone.com/sudiaman,Z2lkOi8vaGFja2Vyb25lL1VzZXIvMTQ5NzI0Mg==
211,samspl,174,9792,2,3,,15.0,individual,https://hackerone.com/samspl,Z2lkOi8vaGFja2Vyb25lL1VzZXIvMzMwODA3MQ==
212,kurtjembuo12,173,9834,2,5,-0.12,13.33,individual,https://hackerone.com/kurtjembuo12,Z2lkOi8vaGFja2Vyb25lL1VzZXIvNTY2MTk1
213,f0x48,172,9897,2,4,,,individual,https://hackerone.com/f0x48,Z2lkOi8vaGFja2Vyb25lL1VzZXIvNzY1OTE2
214,kustirama,171,9954,8,10,0.29,12.5,individual,https://hackerone.com/kustirama,Z2lkOi8vaGFja2Vyb25lL1VzZXIvNDk4NDgz
215,thund3r17,170,10014,3,4,-1.0,26.67,individual,https://hackerone.com/thund3r17,Z2lkOi8vaGFja2Vyb25lL1VzZXIvMTcxMDQxNQ==
216,vickyshptra,168,10130,2,3,1.0,15.0,individual,https://hackerone.com/vickyshptra,Z2lkOi8vaGFja2Vyb25lL1VzZXIvMTM2MjkxNw==
217,alexidilan11,168,10130,0,4,,,individual,https://hackerone.com/alexidilan11,Z2lkOi8vaGFja2Vyb25lL1VzZXIvMjc2MzQ2
218,kokurate,167,10215,5,5,7.0,,individual,https://hackerone.com/kokurate,Z2lkOi8vaGFja2Vyb25lL1VzZXIvMjkzMzM3MA==
219,sitakom,166,10258,5,7,0.62,12.5,individual,https://hackerone.com/sitakom,Z2lkOi8vaGFja2Vyb25lL1VzZXIvMTAyMDUw
220,deltapunk67,166,10258,0,1,7.0,15.0,individual,https://hackerone.com/deltapunk67,Z2lkOi8vaGFja2Vyb25lL1VzZXIvMjQ3MjAy
221,nxs,166,10258,3,2,7.0,15.0,individual,https://hackerone.com/nxs,Z2lkOi8vaGFja2Vyb25lL1VzZXIvMzE1OTEyNA==
222,rizakh,166,10258,2,3,4.2,15.0,individual,https://hackerone.com/rizakh,Z2lkOi8vaGFja2Vyb25lL1VzZXIvNzMyMzEy
223,thd3rboy,165,10408,4,3,1.0,18.33,individual,https://hackerone.com/thd3rboy,Z2lkOi8vaGFja2Vyb25lL1VzZXIvMTkyNzQ3Mw==
224,ertzeus,163,10620,2,2,,15.0,individual,https://hackerone.com/ertzeus,Z2lkOi8vaGFja2Vyb25lL1VzZXIvMzA1NDk0Mw==
225,daffailhamramadan,162,10690,2,4,4.67,,individual,https://hackerone.com/daffailhamramadan,Z2lkOi8vaGFja2Vyb25lL1VzZXIvOTQzNTU5
226,xnu71,161,10747,1,1,,,individual,https://hackerone.com/xnu71,Z2lkOi8vaGFja2Vyb25lL1VzZXIvMjU1NTY4MA==
227,razii,161,10747,1,2,4.67,,individual,https://hackerone.com/razii,Z2lkOi8vaGFja2Vyb25lL1VzZXIvNzk3MTk1
228,lilpeko,159,10917,2,6,7.0,,individual,https://hackerone.com/lilpeko,Z2lkOi8vaGFja2Vyb25lL1VzZXIvNDM3OTU4Mg==
229,idkwh1t,158,11099,2,3,1.83,15.0,individual,https://hackerone.com/idkwh1t,Z2lkOi8vaGFja2Vyb25lL1VzZXIvMTAyMTQ0NA==
230,sor44,158,11099,3,4,2.2,15.0,individual,https://hackerone.com/sor44,Z2lkOi8vaGFja2Vyb25lL1VzZXIvOTk3NTYz
231,ardyanv1ckyramadhan,157,11191,4,10,-1.26,13.12,individual,https://hackerone.com/ardyanv1ckyramadhan,Z2lkOi8vaGFja2Vyb25lL1VzZXIvMTMxMjAxOA==
232,viennna,157,11191,1,1,,,individual,https://hackerone.com/viennna,Z2lkOi8vaGFja2Vyb25lL1VzZXIvMjY2NzYxMg==
233,nungki,156,11932,2,3,3.0,15.0,individual,https://hackerone.com/nungki,Z2lkOi8vaGFja2Vyb25lL1VzZXIvMjI3NjQwMw==
234,cekidot,156,11932,0,1,,,individual,https://hackerone.com/cekidot,Z2lkOi8vaGFja2Vyb25lL1VzZXIvMzU5NTQ4NA==
235,benisprlh,156,,3,5,1.0,,individual,https://hackerone.com/benisprlh,Z2lkOi8vaGFja2Vyb25lL1VzZXIvMzkyNDYzNA==
236,harrmaharr,154,12109,2,1,,,individual,https://hackerone.com/harrmaharr,Z2lkOi8vaGFja2Vyb25lL1VzZXIvMjAwMDkxMg==
237,nervhym,154,12109,2,1,,,individual,https://hackerone.com/nervhym,Z2lkOi8vaGFja2Vyb25lL1VzZXIvMzA3NjUyNQ==
238,ansuh,152,12419,1,1,,,individual,https://hackerone.com/ansuh,Z2lkOi8vaGFja2Vyb25lL1VzZXIvMzAzNTUzNA==
239,hanzyiz,152,12419,1,1,,,individual,https://hackerone.com/hanzyiz,Z2lkOi8vaGFja2Vyb25lL1VzZXIvMzI4NDc4OQ==
240,zeropace,152,12419,1,1,,,individual,https://hackerone.com/zeropace,Z2lkOi8vaGFja2Vyb25lL1VzZXIvMzkxMzE0NQ==
241,xasx,152,12419,6,5,3.36,,individual,https://hackerone.com/xasx,Z2lkOi8vaGFja2Vyb25lL1VzZXIvNTM1Nzk5
242,dc61703fdbcd3f8331d3dc24078c01,151,,11,11,0.08,10.0,individual,https://hackerone.com/dc61703fdbcd3f8331d3dc24078c01,Z2lkOi8vaGFja2Vyb25lL1VzZXIvMTY4NjAxOA==
243,supermancyberjeff,150,12649,2,2,,,individual,https://hackerone.com/supermancyberjeff,Z2lkOi8vaGFja2Vyb25lL1VzZXIvMzAwNjU5Mg==
244,0xrohadi,149,12736,3,6,2.2,,individual,https://hackerone.com/0xrohadi,Z2lkOi8vaGFja2Vyb25lL1VzZXIvNTY2ODEz
245,ryujinx,149,12736,2,4,-2.0,,individual,https://hackerone.com/ryujinx,Z2lkOi8vaGFja2Vyb25lL1VzZXIvNzQ4NjMy
246,supermancyberx,148,,2,1,,,individual,https://hackerone.com/supermancyberx,Z2lkOi8vaGFja2Vyb25lL1VzZXIvMjk4Njk1MA==
247,the_bossman,147,12944,5,10,7.0,,individual,https://hackerone.com/the_bossman,Z2lkOi8vaGFja2Vyb25lL1VzZXIvMTMxMjIwMA==
248,supermancybers,146,,2,1,,,individual,https://hackerone.com/supermancybers,Z2lkOi8vaGFja2Vyb25lL1VzZXIvMzAzNzAxNg==
249,coinb8797,146,13031,2,1,2.8,,individual,https://hackerone.com/coinb8797,Z2lkOi8vaGFja2Vyb25lL1VzZXIvNjYyOTgy
250,rusmana0x16,145,13178,2,1,3.0,,individual,https://hackerone.com/rusmana0x16,Z2lkOi8vaGFja2Vyb25lL1VzZXIvMjU1NDU2Mg==
251,rezasahubawa,145,13178,9,6,-2.14,18.33,individual,https://hackerone.com/rezasahubawa,Z2lkOi8vaGFja2Vyb25lL1VzZXIvNjUzMjE0
252,dimasaprilian993,144,13243,5,6,-1.06,15.0,individual,https://hackerone.com/dimasaprilian993,Z2lkOi8vaGFja2Vyb25lL1VzZXIvMjM3MDU1
253,luckyday_89,144,13243,2,1,,,individual,https://hackerone.com/luckyday_89,Z2lkOi8vaGFja2Vyb25lL1VzZXIvMjk0MDM3NQ==
254,sansozymandias,143,13654,4,2,7.0,,individual,https://hackerone.com/sansozymandias,Z2lkOi8vaGFja2Vyb25lL1VzZXIvNDE1NjMyMQ==
255,stinger22,142,13740,1,1,-2.0,,individual,https://hackerone.com/stinger22,Z2lkOi8vaGFja2Vyb25lL1VzZXIvMTI4ODYwOA==
256,sixluck,141,13836,3,4,4.0,,individual,https://hackerone.com/sixluck,Z2lkOi8vaGFja2Vyb25lL1VzZXIvMTg2NTcyNw==
257,lawbytes,141,13836,2,1,,,individual,https://hackerone.com/lawbytes,Z2lkOi8vaGFja2Vyb25lL1VzZXIvMjUwMDA0MQ==
258,supermancyber19,141,13836,2,1,3.0,,individual,https://hackerone.com/supermancyber19,Z2lkOi8vaGFja2Vyb25lL1VzZXIvMjk4MzMwMg==
259,harrmahar,141,13836,2,3,-1.22,,individual,https://hackerone.com/harrmahar,Z2lkOi8vaGFja2Vyb25lL1VzZXIvODI4ODc0
260,madcane,140,13961,3,2,-0.67,,individual,https://hackerone.com/madcane,Z2lkOi8vaGFja2Vyb25lL1VzZXIvMjIyNTU4NA==
261,enumerat1,140,13961,2,4,,,individual,https://hackerone.com/enumerat1,Z2lkOi8vaGFja2Vyb25lL1VzZXIvNDQyOTIwOQ==
262,gibranal,139,14014,2,2,3.5,,individual,https://hackerone.com/gibranal,Z2lkOi8vaGFja2Vyb25lL1VzZXIvMTAwNzkwNg==
263,rullroji,139,14014,0,2,3.0,,individual,https://hackerone.com/rullroji,Z2lkOi8vaGFja2Vyb25lL1VzZXIvNDI2NTY2OQ==
264,noer_hack,137,14333,3,6,0.17,,individual,https://hackerone.com/noer_hack,Z2lkOi8vaGFja2Vyb25lL1VzZXIvMTQ0NzIxNQ==
265,voize,136,14457,0,2,,,individual,https://hackerone.com/voize,Z2lkOi8vaGFja2Vyb25lL1VzZXIvMjEzMjc4Mw==
266,depapp,136,14457,3,2,7.0,,individual,https://hackerone.com/depapp,Z2lkOi8vaGFja2Vyb25lL1VzZXIvMzQwMTkyOQ==
267,redspr,136,14457,0,2,,,individual,https://hackerone.com/redspr,Z2lkOi8vaGFja2Vyb25lL1VzZXIvNDQzNTY5Ng==
268,nxxxr,135,14604,1,5,,,individual,https://hackerone.com/nxxxr,Z2lkOi8vaGFja2Vyb25lL1VzZXIvMjU1MTQxOA==
269,sitampan,135,14604,3,5,7.0,,individual,https://hackerone.com/sitampan,Z2lkOi8vaGFja2Vyb25lL1VzZXIvNjUxNTM4
270,ggromadon,134,14724,0,1,1.0,,individual,https://hackerone.com/ggromadon,Z2lkOi8vaGFja2Vyb25lL1VzZXIvMTI3NDQ5Nw==
271,benjamin_qa,134,14724,2,8,-1.09,20.0,individual,https://hackerone.com/benjamin_qa,Z2lkOi8vaGFja2Vyb25lL1VzZXIvMzM2NDg2OQ==
272,clack45,134,14724,1,2,-1.0,,individual,https://hackerone.com/clack45,Z2lkOi8vaGFja2Vyb25lL1VzZXIvNDQ0NzQxOA==
273,nio_c00l,134,14724,1,2,,,individual,https://hackerone.com/nio_c00l,Z2lkOi8vaGFja2Vyb25lL1VzZXIvNzY3OTA1
274,ernans,134,14724,2,3,1.0,,individual,https://hackerone.com/ernans,Z2lkOi8vaGFja2Vyb25lL1VzZXIvODE4NTMw
275,0xzenko,132,15062,1,1,,,individual,https://hackerone.com/0xzenko,Z2lkOi8vaGFja2Vyb25lL1VzZXIvMTI0NDUwNQ==
276,maskirovka21,132,15062,2,8,7.0,,individual,https://hackerone.com/maskirovka21,Z2lkOi8vaGFja2Vyb25lL1VzZXIvMTQyNTc5OA==
277,adisatria,132,15062,1,1,,,individual,https://hackerone.com/adisatria,Z2lkOi8vaGFja2Vyb25lL1VzZXIvMjEzNTY2OQ==
278,ariestahrt,132,15062,1,1,,,individual,https://hackerone.com/ariestahrt,Z2lkOi8vaGFja2Vyb25lL1VzZXIvOTU0NzAx
279,rifeth,132,15062,0,1,,,individual,https://hackerone.com/rifeth,Z2lkOi8vaGFja2Vyb25lL1VzZXIvOTcwNDk2
280,qwerty3117,131,16119,2,2,,,individual,https://hackerone.com/qwerty3117,Z2lkOi8vaGFja2Vyb25lL1VzZXIvMjg5OTc3MQ==
281,anggipradana7,131,16119,2,6,0.8,,individual,https://hackerone.com/anggipradana7,Z2lkOi8vaGFja2Vyb25lL1VzZXIvOTQxOTY2
282,sp3c14l,130,16291,3,5,0.14,,individual,https://hackerone.com/sp3c14l,Z2lkOi8vaGFja2Vyb25lL1VzZXIvMTg5MDM3NA==
283,rootkiddo,129,16389,1,1,3.0,,individual,https://hackerone.com/rootkiddo,Z2lkOi8vaGFja2Vyb25lL1VzZXIvMzA0MTU1Mw==
284,squi7,129,16389,2,2,-0.2,,individual,https://hackerone.com/squi7,Z2lkOi8vaGFja2Vyb25lL1VzZXIvNDI1NjU4MA==
285,brainsec,129,16389,4,3,-0.2,,individual,https://hackerone.com/brainsec,Z2lkOi8vaGFja2Vyb25lL1VzZXIvOTMxMDQ4
286,faturochman13,128,16751,1,4,,,individual,https://hackerone.com/faturochman13,Z2lkOi8vaGFja2Vyb25lL1VzZXIvNDQzODIxOQ==
287,catge,128,16751,0,3,3.0,,individual,https://hackerone.com/catge,Z2lkOi8vaGFja2Vyb25lL1VzZXIvOTY4Mjgz
288,thehackermachine,127,,1,1,,,individual,https://hackerone.com/thehackermachine,Z2lkOi8vaGFja2Vyb25lL1VzZXIvMjIwOTA1MQ==
289,arwildo,127,16951,5,4,3.57,,individual,https://hackerone.com/arwildo,Z2lkOi8vaGFja2Vyb25lL1VzZXIvNjY1NTkw
290,gasfad01,126,17135,2,3,,,individual,https://hackerone.com/gasfad01,Z2lkOi8vaGFja2Vyb25lL1VzZXIvNDQwMjYw
291,pepenkkk,124,17453,0,2,,,individual,https://hackerone.com/pepenkkk,Z2lkOi8vaGFja2Vyb25lL1VzZXIvMzExMTMwNw==
292,bolanid98,124,,1,3,-1.0,,individual,https://hackerone.com/bolanid98,Z2lkOi8vaGFja2Vyb25lL1VzZXIvMzIwNjQzMw==
293,0xjester,124,17453,1,1,,,individual,https://hackerone.com/0xjester,Z2lkOi8vaGFja2Vyb25lL1VzZXIvMzM3OTYwNw==
294,ihsansky,124,17453,0,2,,,individual,https://hackerone.com/ihsansky,Z2lkOi8vaGFja2Vyb25lL1VzZXIvMzMyODUwMQ==
295,cybervan,124,17453,0,2,3.0,,individual,https://hackerone.com/cybervan,Z2lkOi8vaGFja2Vyb25lL1VzZXIvMzg5MDAzNQ==
296,alpariamani,124,,0,2,,,individual,https://hackerone.com/alpariamani,Z2lkOi8vaGFja2Vyb25lL1VzZXIvNDA0MTQ0MQ==
297,edmpl,124,17453,1,1,,,individual,https://hackerone.com/edmpl,Z2lkOi8vaGFja2Vyb25lL1VzZXIvNDU2MTk3
298,aaraa,124,17453,1,2,,,individual,https://hackerone.com/aaraa,Z2lkOi8vaGFja2Vyb25lL1VzZXIvOTk2MTg3
299,haaahaaahiihiiii,123,17949,2,3,7.0,,individual,https://hackerone.com/haaahaaahiihiiii,Z2lkOi8vaGFja2Vyb25lL1VzZXIvNDQ3MjI1NA==
300,mond4y,122,18104,1,1,,,individual,https://hackerone.com/mond4y,Z2lkOi8vaGFja2Vyb25lL1VzZXIvMTMxNDU2NQ==
301,krisnadi,122,18104,1,1,,,individual,https://hackerone.com/krisnadi,Z2lkOi8vaGFja2Vyb25lL1VzZXIvMTUwMTkzMA==
302,j1ngga156,122,18104,1,1,,,individual,https://hackerone.com/j1ngga156,Z2lkOi8vaGFja2Vyb25lL1VzZXIvMTUzMjY2NA==
303,secsoya,122,18104,1,1,,,individual,https://hackerone.com/secsoya,Z2lkOi8vaGFja2Vyb25lL1VzZXIvMTg5MTMzNA==
304,just1one,122,18104,1,1,,,individual,https://hackerone.com/just1one,Z2lkOi8vaGFja2Vyb25lL1VzZXIvMjQ5NDM0OQ==
305,passthebug1337,122,18104,1,1,,,individual,https://hackerone.com/passthebug1337,Z2lkOi8vaGFja2Vyb25lL1VzZXIvMjUwNDI0MQ==
306,subagjarobi,122,18104,0,1,,,individual,https://hackerone.com/subagjarobi,Z2lkOi8vaGFja2Vyb25lL1VzZXIvMjc4MDA1MQ==
307,ejzraa,122,18104,1,1,,,individual,https://hackerone.com/ejzraa,Z2lkOi8vaGFja2Vyb25lL1VzZXIvMjgyODg0NQ==
308,youngii,122,18104,0,1,,,individual,https://hackerone.com/youngii,Z2lkOi8vaGFja2Vyb25lL1VzZXIvMzA0Mzc5Mw==
309,ghostbump,122,18104,1,2,,,individual,https://hackerone.com/ghostbump,Z2lkOi8vaGFja2Vyb25lL1VzZXIvMzE2MDcyMA==
310,salieris,122,18104,0,1,,,individual,https://hackerone.com/salieris,Z2lkOi8vaGFja2Vyb25lL1VzZXIvMzI5NjUwNQ==
311,kevinjinsakai,122,18104,0,1,,,individual,https://hackerone.com/kevinjinsakai,Z2lkOi8vaGFja2Vyb25lL1VzZXIvMzM2MTA1NA==
312,aptroom,122,18104,1,1,,,individual,https://hackerone.com/aptroom,Z2lkOi8vaGFja2Vyb25lL1VzZXIvMzMyNDU2NA==
313,kaens,122,18104,1,1,,,individual,https://hackerone.com/kaens,Z2lkOi8vaGFja2Vyb25lL1VzZXIvMzQxMDg1MA==
314,waterme1on,122,18104,0,1,,,individual,https://hackerone.com/waterme1on,Z2lkOi8vaGFja2Vyb25lL1VzZXIvMzU3MTUyOA==
315,faxcel,122,18104,1,1,,,individual,https://hackerone.com/faxcel,Z2lkOi8vaGFja2Vyb25lL1VzZXIvMzY1MjEwNQ==
316,ekubo100,122,,1,1,,,individual,https://hackerone.com/ekubo100,Z2lkOi8vaGFja2Vyb25lL1VzZXIvMzk5Mjk3MQ==
317,the_bigfat_panda,122,18104,0,1,,,individual,https://hackerone.com/the_bigfat_panda,Z2lkOi8vaGFja2Vyb25lL1VzZXIvNDI0Mjk5Nw==
318,miraicantsleep,122,18104,0,1,,,individual,https://hackerone.com/miraicantsleep,Z2lkOi8vaGFja2Vyb25lL1VzZXIvNDI2NDc5Ng==
319,bocahcar,122,18104,0,1,,,individual,https://hackerone.com/bocahcar,Z2lkOi8vaGFja2Vyb25lL1VzZXIvNDIwMTc2Nw==
320,nopaldapa,122,18104,1,1,,,individual,https://hackerone.com/nopaldapa,Z2lkOi8vaGFja2Vyb25lL1VzZXIvNDM0MDU0MA==
321,hackerwan63,122,18104,1,1,,,individual,https://hackerone.com/hackerwan63,Z2lkOi8vaGFja2Vyb25lL1VzZXIvNDQ4NTgwMw==
322,w1th0ut,122,18104,6,8,2.0,,individual,https://hackerone.com/w1th0ut,Z2lkOi8vaGFja2Vyb25lL1VzZXIvNjQ5OTE1
323,scraido,122,18104,1,1,,,individual,https://hackerone.com/scraido,Z2lkOi8vaGFja2Vyb25lL1VzZXIvODA1ODg5
324,eibi,121,21337,1,4,-0.2,15.0,individual,https://hackerone.com/eibi,Z2lkOi8vaGFja2Vyb25lL1VzZXIvMjY3MTE4Mw==
325,hc275,121,21337,2,2,0.11,,individual,https://hackerone.com/hc275,Z2lkOi8vaGFja2Vyb25lL1VzZXIvNjcxMjc2
326,macawboy,119,21793,2,3,1.0,,individual,https://hackerone.com/macawboy,Z2lkOi8vaGFja2Vyb25lL1VzZXIvMjExNzY3MQ==
327,kgor,119,21793,1,2,,,individual,https://hackerone.com/kgor,Z2lkOi8vaGFja2Vyb25lL1VzZXIvMzM4NDM4NA==
328,verren,119,21793,1,1,-3.0,,individual,https://hackerone.com/verren,Z2lkOi8vaGFja2Vyb25lL1VzZXIvNDIwOTgzNw==
329,ticorex,119,21793,0,2,,,individual,https://hackerone.com/ticorex,Z2lkOi8vaGFja2Vyb25lL1VzZXIvNDMzNzAzMw==
330,masteria,118,22071,2,1,,,individual,https://hackerone.com/masteria,Z2lkOi8vaGFja2Vyb25lL1VzZXIvMjQ0OTE5NQ==
331,owny777,118,22071,1,3,,,individual,https://hackerone.com/owny777,Z2lkOi8vaGFja2Vyb25lL1VzZXIvMzI0MzA2NA==
332,herdiyanitdev,118,22071,0,3,-5.0,,individual,https://hackerone.com/herdiyanitdev,Z2lkOi8vaGFja2Vyb25lL1VzZXIvNDI3ODc5Nw==
333,opic,117,22232,1,8,-1.0,15.0,individual,https://hackerone.com/opic,Z2lkOi8vaGFja2Vyb25lL1VzZXIvMjQ2NDMyMg==
334,newtmltch,117,,0,1,,,individual,https://hackerone.com/newtmltch,Z2lkOi8vaGFja2Vyb25lL1VzZXIvMzU4Njg4Mg==
335,bbsecure,117,22232,1,1,,,individual,https://hackerone.com/bbsecure,Z2lkOi8vaGFja2Vyb25lL1VzZXIvMzYwNDEzMQ==
336,paraee,117,22232,0,1,,,individual,https://hackerone.com/paraee,Z2lkOi8vaGFja2Vyb25lL1VzZXIvNDA5NzA4MQ==
337,devsecry,117,22232,0,1,,,individual,https://hackerone.com/devsecry,Z2lkOi8vaGFja2Vyb25lL1VzZXIvNDQ2OTQ2NA==
338,otoyyy_h1,116,23026,1,2,-3.0,,individual,https://hackerone.com/otoyyy_h1,Z2lkOi8vaGFja2Vyb25lL1VzZXIvMTgwNDMzOA==
339,butirandebu1,116,23026,2,3,,,individual,https://hackerone.com/butirandebu1,Z2lkOi8vaGFja2Vyb25lL1VzZXIvMjUwNzg4MQ==
340,przts,116,23026,2,3,4.0,,individual,https://hackerone.com/przts,Z2lkOi8vaGFja2Vyb25lL1VzZXIvMjkxMTI2MA==
341,fazriansyahmr,116,,0,2,,,individual,https://hackerone.com/fazriansyahmr,Z2lkOi8vaGFja2Vyb25lL1VzZXIvMzE5ODI0OA==
342,nxcode,116,23026,1,2,1.0,,individual,https://hackerone.com/nxcode,Z2lkOi8vaGFja2Vyb25lL1VzZXIvMzEyNjkwMQ==
343,ryeej,116,23026,0,3,,,individual,https://hackerone.com/ryeej,Z2lkOi8vaGFja2Vyb25lL1VzZXIvNDM5OTA4Nw==
344,znoata0,115,23349,0,1,,,individual,https://hackerone.com/znoata0,Z2lkOi8vaGFja2Vyb25lL1VzZXIvNDAzMDUwMQ==
345,dennisid,114,23744,2,2,,,individual,https://hackerone.com/dennisid,Z2lkOi8vaGFja2Vyb25lL1VzZXIvMTM3NDg2NA==
346,amfaxspl,114,23744,2,3,-0.2,,individual,https://hackerone.com/amfaxspl,Z2lkOi8vaGFja2Vyb25lL1VzZXIvMTQ1Nzg4NA==
347,opdev,114,23744,2,2,3.0,,individual,https://hackerone.com/opdev,Z2lkOi8vaGFja2Vyb25lL1VzZXIvMjQ4MTI5Ng==
348,vexsec-ai,114,23744,1,2,,,business,https://hackerone.com/vexsec-ai,Z2lkOi8vaGFja2Vyb25lL1VzZXIvMjYyMzE5Mg==
349,newbiexzy,114,23744,1,2,,,individual,https://hackerone.com/newbiexzy,Z2lkOi8vaGFja2Vyb25lL1VzZXIvMjcwMDc5NQ==
350,mrizkykur,114,23744,1,1,,,individual,https://hackerone.com/mrizkykur,Z2lkOi8vaGFja2Vyb25lL1VzZXIvMzA2MDcyMw==
351,skysenz,114,23744,0,2,,,individual,https://hackerone.com/skysenz,Z2lkOi8vaGFja2Vyb25lL1VzZXIvNDA0MTUyMg==
352,twinxsec,114,23744,1,2,-1.0,,individual,https://hackerone.com/twinxsec,Z2lkOi8vaGFja2Vyb25lL1VzZXIvNDA0NzE2NA==
353,justluckids,114,23744,0,2,-0.25,,individual,https://hackerone.com/justluckids,Z2lkOi8vaGFja2Vyb25lL1VzZXIvNDI0NDcyNg==
354,c0rvuz,113,24638,2,3,3.0,,individual,https://hackerone.com/c0rvuz,Z2lkOi8vaGFja2Vyb25lL1VzZXIvMzg2OTYxMQ==
355,hexa34,113,24638,8,4,1.0,,individual,https://hackerone.com/hexa34,Z2lkOi8vaGFja2Vyb25lL1VzZXIvNDM2MDg2NA==
356,noideanamed,112,,1,2,,,individual,https://hackerone.com/noideanamed,Z2lkOi8vaGFja2Vyb25lL1VzZXIvMjM1NTU1Ng==
357,tryhard-security,112,24790,0,1,,,individual,https://hackerone.com/tryhard-security,Z2lkOi8vaGFja2Vyb25lL1VzZXIvMjY3MDY2Ng==
358,rezajugabro,112,24790,0,1,-1.0,,individual,https://hackerone.com/rezajugabro,Z2lkOi8vaGFja2Vyb25lL1VzZXIvMzA5Mzg1OQ==
359,zx07,112,24790,0,1,,,individual,https://hackerone.com/zx07,Z2lkOi8vaGFja2Vyb25lL1VzZXIvMzAxNTcyNA==
360,tuyul98,112,24790,1,1,-1.0,,individual,https://hackerone.com/tuyul98,Z2lkOi8vaGFja2Vyb25lL1VzZXIvMzM4ODI0OA==
361,garam-madu,112,24790,1,1,,,individual,https://hackerone.com/garam-madu,Z2lkOi8vaGFja2Vyb25lL1VzZXIvNDUyMDAwMA==
362,twseptian,112,24790,0,1,-1.0,,individual,https://hackerone.com/twseptian,Z2lkOi8vaGFja2Vyb25lL1VzZXIvNzQ0MTQ1
363,hadeshaxorrrr,111,25140,1,3,-1.0,,individual,https://hackerone.com/hadeshaxorrrr,Z2lkOi8vaGFja2Vyb25lL1VzZXIvMTM1NDkxNQ==
364,cochobar,110,25425,0,1,,,individual,https://hackerone.com/cochobar,Z2lkOi8vaGFja2Vyb25lL1VzZXIvMzAwNTEwMA==
365,tinocs,110,25425,0,2,,,individual,https://hackerone.com/tinocs,Z2lkOi8vaGFja2Vyb25lL1VzZXIvMzQ3ODU4NQ==
366,z1x_,110,25425,1,5,-1.57,,individual,https://hackerone.com/z1x_,Z2lkOi8vaGFja2Vyb25lL1VzZXIvMzczOTMyOA==
367,putriayudia,110,25425,3,5,1.0,,individual,https://hackerone.com/putriayudia,Z2lkOi8vaGFja2Vyb25lL1VzZXIvNjU0MjMy
368,imagodei,109,25577,2,1,2.25,,individual,https://hackerone.com/imagodei,Z2lkOi8vaGFja2Vyb25lL1VzZXIvMTcwMzg5
369,petruknisme,109,25577,1,2,-0.5,,individual,https://hackerone.com/petruknisme,Z2lkOi8vaGFja2Vyb25lL1VzZXIvMTg2NzI5
370,pendekarcyber,109,25577,0,2,,,individual,https://hackerone.com/pendekarcyber,Z2lkOi8vaGFja2Vyb25lL1VzZXIvMzIyNDI2Ng==
371,raefan,109,25577,0,2,-5.0,,individual,https://hackerone.com/raefan,Z2lkOi8vaGFja2Vyb25lL1VzZXIvMzQ5MTYwNg==
372,lindan_id,109,25577,2,1,3.0,,individual,https://hackerone.com/lindan_id,Z2lkOi8vaGFja2Vyb25lL1VzZXIvMzYxODExMg==
373,nxxnxx,109,25577,1,1,,,individual,https://hackerone.com/nxxnxx,Z2lkOi8vaGFja2Vyb25lL1VzZXIvNDM4NTY1MA==
374,santstyle,109,25577,0,2,,,individual,https://hackerone.com/santstyle,Z2lkOi8vaGFja2Vyb25lL1VzZXIvNDQ5MjE2Nw==
375,adiwahyu,109,25577,0,2,,,individual,https://hackerone.com/adiwahyu,Z2lkOi8vaGFja2Vyb25lL1VzZXIvNDU2Njg2MA==
376,rxzxl,109,25577,0,2,,,individual,https://hackerone.com/rxzxl,Z2lkOi8vaGFja2Vyb25lL1VzZXIvNDUxMzI2Ng==
377,mandexx,109,25577,0,1,,,individual,https://hackerone.com/mandexx,Z2lkOi8vaGFja2Vyb25lL1VzZXIvNjA0MDU2
378,jodyritz,108,26362,0,1,,,individual,https://hackerone.com/jodyritz,Z2lkOi8vaGFja2Vyb25lL1VzZXIvMjMwNTA4Nw==
379,binkyy,107,26491,0,2,,,individual,https://hackerone.com/binkyy,Z2lkOi8vaGFja2Vyb25lL1VzZXIvMTQ0MjYyOQ==
380,mando_22x,107,26491,1,1,,,individual,https://hackerone.com/mando_22x,Z2lkOi8vaGFja2Vyb25lL1VzZXIvMTQ2NzA3NQ==
381,rperdana,107,26491,1,2,,,individual,https://hackerone.com/rperdana,Z2lkOi8vaGFja2Vyb25lL1VzZXIvMTgwNjI0NQ==
382,termireum_,107,26491,1,2,-2.0,,individual,https://hackerone.com/termireum_,Z2lkOi8vaGFja2Vyb25lL1VzZXIvMjEwMjk2Nw==
383,fauzanwijaya,107,26491,1,1,,,individual,https://hackerone.com/fauzanwijaya,Z2lkOi8vaGFja2Vyb25lL1VzZXIvMjEyNjg3MQ==
384,adhen,107,26491,1,1,,,individual,https://hackerone.com/adhen,Z2lkOi8vaGFja2Vyb25lL1VzZXIvMjY3ODI4NQ==
385,dukunhaxan8,107,26491,1,2,,,individual,https://hackerone.com/dukunhaxan8,Z2lkOi8vaGFja2Vyb25lL1VzZXIvMjYxODY2OQ==
386,balengbambu,107,26491,1,1,-2.0,,individual,https://hackerone.com/balengbambu,Z2lkOi8vaGFja2Vyb25lL1VzZXIvMjg0NTMxMg==
387,ch1ron,107,26491,1,1,,,individual,https://hackerone.com/ch1ron,Z2lkOi8vaGFja2Vyb25lL1VzZXIvMjkyODI1NA==
388,exexex,107,26491,1,1,,,individual,https://hackerone.com/exexex,Z2lkOi8vaGFja2Vyb25lL1VzZXIvMzE4ODQ0OQ==
389,thund3rcloud,107,,0,4,,,individual,https://hackerone.com/thund3rcloud,Z2lkOi8vaGFja2Vyb25lL1VzZXIvMzI2OTA5Mg==
390,robzlabz,107,26491,1,1,,,individual,https://hackerone.com/robzlabz,Z2lkOi8vaGFja2Vyb25lL1VzZXIvMzI3Nzk4Mw==
391,v3l0,107,26491,0,1,,,individual,https://hackerone.com/v3l0,Z2lkOi8vaGFja2Vyb25lL1VzZXIvMzM1MTc0OA==
392,primeonme,107,26491,1,1,,,individual,https://hackerone.com/primeonme,Z2lkOi8vaGFja2Vyb25lL1VzZXIvMzMwMjczOQ==
393,gieszcha,107,26491,1,1,,,individual,https://hackerone.com/gieszcha,Z2lkOi8vaGFja2Vyb25lL1VzZXIvMzMzMjYwNA==
394,defnilay,107,26491,0,1,,,individual,https://hackerone.com/defnilay,Z2lkOi8vaGFja2Vyb25lL1VzZXIvMzQ3NTQwOA==
395,s4tva,107,26491,1,1,,,individual,https://hackerone.com/s4tva,Z2lkOi8vaGFja2Vyb25lL1VzZXIvMzQ4MzY5Mw==
396,k1llusec010,107,26491,1,1,,,individual,https://hackerone.com/k1llusec010,Z2lkOi8vaGFja2Vyb25lL1VzZXIvMzU2MTI0Mg==
397,whozhever00,107,26491,1,1,,,individual,https://hackerone.com/whozhever00,Z2lkOi8vaGFja2Vyb25lL1VzZXIvMzY2NzQxNw==
398,amnikrov,107,26491,1,1,,,individual,https://hackerone.com/amnikrov,Z2lkOi8vaGFja2Vyb25lL1VzZXIvMzY4MjAxMQ==
399,v3ll0,107,26491,1,1,,,individual,https://hackerone.com/v3ll0,Z2lkOi8vaGFja2Vyb25lL1VzZXIvNDE3NzAyOQ==
400,ery_404,107,26491,1,1,,,individual,https://hackerone.com/ery_404,Z2lkOi8vaGFja2Vyb25lL1VzZXIvNDI3MDk0Mg==
401,stvj,107,26491,1,1,-3.0,,individual,https://hackerone.com/stvj,Z2lkOi8vaGFja2Vyb25lL1VzZXIvNDI5NDcxNg==
402,jefflanzz,107,26491,1,1,-2.0,,individual,https://hackerone.com/jefflanzz,Z2lkOi8vaGFja2Vyb25lL1VzZXIvNDI5OTUyMA==
403,realzzy77,107,26491,1,2,,,individual,https://hackerone.com/realzzy77,Z2lkOi8vaGFja2Vyb25lL1VzZXIvNDIwMjg2Mg==
404,ardhani,107,26491,1,1,,,individual,https://hackerone.com/ardhani,Z2lkOi8vaGFja2Vyb25lL1VzZXIvNTA2MzMz
405,khatulistiwa,107,26491,1,1,,,individual,https://hackerone.com/khatulistiwa,Z2lkOi8vaGFja2Vyb25lL1VzZXIvNjA2Mzc0
406,kourtieza,106,31343,1,4,,,individual,https://hackerone.com/kourtieza,Z2lkOi8vaGFja2Vyb25lL1VzZXIvMTA0MTA2MQ==
407,faronaa_,106,31343,0,3,,,individual,https://hackerone.com/faronaa_,Z2lkOi8vaGFja2Vyb25lL1VzZXIvMTM3NzA0MQ==
408,irfan7,106,31343,1,3,,,individual,https://hackerone.com/irfan7,Z2lkOi8vaGFja2Vyb25lL1VzZXIvMTQ1OTk3Ng==
409,fer1bytex0,106,31343,1,4,,,individual,https://hackerone.com/fer1bytex0,Z2lkOi8vaGFja2Vyb25lL1VzZXIvMTYwMDgzNg==
410,blubluuu,105,31654,2,4,-1.0,,individual,https://hackerone.com/blubluuu,Z2lkOi8vaGFja2Vyb25lL1VzZXIvMTE3NzY3NA==
411,aaezakmii,105,,0,2,,,individual,https://hackerone.com/aaezakmii,Z2lkOi8vaGFja2Vyb25lL1VzZXIvMjkxMzUxOQ==
412,wildhan0708,104,31733,0,1,,,individual,https://hackerone.com/wildhan0708,Z2lkOi8vaGFja2Vyb25lL1VzZXIvMzA2MDkxMA==
413,feitan13,104,31733,1,2,-3.29,,individual,https://hackerone.com/feitan13,Z2lkOi8vaGFja2Vyb25lL1VzZXIvMzE5ODk1Ng==
414,reyra,104,31733,0,2,,,individual,https://hackerone.com/reyra,Z2lkOi8vaGFja2Vyb25lL1VzZXIvMzI2NDMyNg==
415,korip,104,31733,1,2,,,individual,https://hackerone.com/korip,Z2lkOi8vaGFja2Vyb25lL1VzZXIvMzIwODgxMQ==
416,corvuzsec,104,31733,0,2,3.0,,individual,https://hackerone.com/corvuzsec,Z2lkOi8vaGFja2Vyb25lL1VzZXIvMzMzODI0MQ==
417,luckykiddos,104,31733,1,2,-2.0,,individual,https://hackerone.com/luckykiddos,Z2lkOi8vaGFja2Vyb25lL1VzZXIvMzQ0NDIwNw==
418,mrbadai,104,31733,0,2,,,individual,https://hackerone.com/mrbadai,Z2lkOi8vaGFja2Vyb25lL1VzZXIvNDA4NTE1MQ==
419,rajaculaemas,104,31733,0,1,,,individual,https://hackerone.com/rajaculaemas,Z2lkOi8vaGFja2Vyb25lL1VzZXIvNDAzODE4MQ==
420,gembelelite,104,31733,0,1,,,individual,https://hackerone.com/gembelelite,Z2lkOi8vaGFja2Vyb25lL1VzZXIvNDEzNTg3Mw==
421,deepcodex,104,31733,1,2,,,individual,https://hackerone.com/deepcodex,Z2lkOi8vaGFja2Vyb25lL1VzZXIvNDM2MzUyMw==
422,syhbt,104,31733,0,2,,,individual,https://hackerone.com/syhbt,Z2lkOi8vaGFja2Vyb25lL1VzZXIvNjE3MzM2
423,syncr0ne_1337,104,31733,0,2,,,individual,https://hackerone.com/syncr0ne_1337,Z2lkOi8vaGFja2Vyb25lL1VzZXIvNjUyNTA2
424,h3rtz,103,32634,2,3,-0.2,,individual,https://hackerone.com/h3rtz,Z2lkOi8vaGFja2Vyb25lL1VzZXIvMjQyNTEzMg==
425,santiko1986,103,32634,6,7,-2.5,18.33,individual,https://hackerone.com/santiko1986,Z2lkOi8vaGFja2Vyb25lL1VzZXIvMjYyODAxMw==
426,yozu-8,102,32735,0,1,,,individual,https://hackerone.com/yozu-8,Z2lkOi8vaGFja2Vyb25lL1VzZXIvMTEyMTk0NQ==
427,hansdiks157,102,32735,0,1,,,individual,https://hackerone.com/hansdiks157,Z2lkOi8vaGFja2Vyb25lL1VzZXIvMTI5NjQ1Mg==
428,dinosunday18,102,32735,1,1,,,individual,https://hackerone.com/dinosunday18,Z2lkOi8vaGFja2Vyb25lL1VzZXIvMTM4MDY5Ng==
429,xecureyan,102,32735,0,1,,,individual,https://hackerone.com/xecureyan,Z2lkOi8vaGFja2Vyb25lL1VzZXIvMTMyMTUwNQ==
430,an0nvi,102,32735,0,1,,,individual,https://hackerone.com/an0nvi,Z2lkOi8vaGFja2Vyb25lL1VzZXIvMTMyMjA0Mw==
431,emhabee,102,32735,0,1,,,individual,https://hackerone.com/emhabee,Z2lkOi8vaGFja2Vyb25lL1VzZXIvMTUwMzEyMA==
432,andikafransisco,102,32735,0,1,,,individual,https://hackerone.com/andikafransisco,Z2lkOi8vaGFja2Vyb25lL1VzZXIvMTYzMDAwMA==
433,bengsky13,102,32735,0,1,,,individual,https://hackerone.com/bengsky13,Z2lkOi8vaGFja2Vyb25lL1VzZXIvMTg0NDkxOQ==
434,hadesshade,102,32735,0,1,,,individual,https://hackerone.com/hadesshade,Z2lkOi8vaGFja2Vyb25lL1VzZXIvMTgxOTIxNw==
435,jarph1sh,102,32735,1,1,0.67,,individual,https://hackerone.com/jarph1sh,Z2lkOi8vaGFja2Vyb25lL1VzZXIvMjI4NjY0
436,lordim,102,32735,1,1,,,individual,https://hackerone.com/lordim,Z2lkOi8vaGFja2Vyb25lL1VzZXIvMjIxMjA0NQ==
437,h3d4s,102,32735,1,2,,,individual,https://hackerone.com/h3d4s,Z2lkOi8vaGFja2Vyb25lL1VzZXIvMjM3MzM4MA==
438,kelazking,102,32735,0,1,,,individual,https://hackerone.com/kelazking,Z2lkOi8vaGFja2Vyb25lL1VzZXIvMjQ2NDAxNg==
439,generalid,102,32735,1,1,,,individual,https://hackerone.com/generalid,Z2lkOi8vaGFja2Vyb25lL1VzZXIvMjQ5MDE2NQ==
440,tukangscan,102,32735,0,1,,,individual,https://hackerone.com/tukangscan,Z2lkOi8vaGFja2Vyb25lL1VzZXIvMjY1NDkx
441,avvesome,102,32735,0,1,,,individual,https://hackerone.com/avvesome,Z2lkOi8vaGFja2Vyb25lL1VzZXIvMjYyNTA0MQ==
442,zer0id,102,32735,0,1,,,individual,https://hackerone.com/zer0id,Z2lkOi8vaGFja2Vyb25lL1VzZXIvMjc5NDQxNA==
443,rushkhy404,102,32735,1,1,-3.25,,individual,https://hackerone.com/rushkhy404,Z2lkOi8vaGFja2Vyb25lL1VzZXIvMjg5MTMxMg==
444,mugiwaranon00b,102,32735,0,1,,,individual,https://hackerone.com/mugiwaranon00b,Z2lkOi8vaGFja2Vyb25lL1VzZXIvMzA1NDQ1Nw==
445,legesya,102,32735,0,1,,,individual,https://hackerone.com/legesya,Z2lkOi8vaGFja2Vyb25lL1VzZXIvMzAwNDg2NA==
446,braincore,102,32735,0,1,,,individual,https://hackerone.com/braincore,Z2lkOi8vaGFja2Vyb25lL1VzZXIvMzE4MzYwMg==
447,geryyy,102,32735,0,1,,,individual,https://hackerone.com/geryyy,Z2lkOi8vaGFja2Vyb25lL1VzZXIvMzI5MzU4MA==
448,baraya033,102,32735,0,2,,,individual,https://hackerone.com/baraya033,Z2lkOi8vaGFja2Vyb25lL1VzZXIvMzIxOTQ4
449,sinzooxp,102,32735,0,1,,,individual,https://hackerone.com/sinzooxp,Z2lkOi8vaGFja2Vyb25lL1VzZXIvMzMwNzQ5OQ==
450,archelote,102,32735,0,1,,,individual,https://hackerone.com/archelote,Z2lkOi8vaGFja2Vyb25lL1VzZXIvMzMxOTY1Mw==
451,hshsj_shsh,102,32735,0,1,,,individual,https://hackerone.com/hshsj_shsh,Z2lkOi8vaGFja2Vyb25lL1VzZXIvMzQ3MDIyMw==
452,danil556,102,32735,0,1,,,individual,https://hackerone.com/danil556,Z2lkOi8vaGFja2Vyb25lL1VzZXIvMzQyNjgy
453,chunsky,102,32735,1,1,-2.0,,individual,https://hackerone.com/chunsky,Z2lkOi8vaGFja2Vyb25lL1VzZXIvMzU0Nzg4Mw==
454,blakravat,102,32735,0,1,,,individual,https://hackerone.com/blakravat,Z2lkOi8vaGFja2Vyb25lL1VzZXIvMzUwMDAzNg==
455,0xfix,102,32735,0,1,,,individual,https://hackerone.com/0xfix,Z2lkOi8vaGFja2Vyb25lL1VzZXIvMzY0ODAw
456,z3cux,102,32735,0,1,,,individual,https://hackerone.com/z3cux,Z2lkOi8vaGFja2Vyb25lL1VzZXIvNDAwODQ4MQ==
457,neabyte,102,32735,0,1,,,individual,https://hackerone.com/neabyte,Z2lkOi8vaGFja2Vyb25lL1VzZXIvNDE1NzM1MA==
458,adenoviardian,102,32735,0,1,,,individual,https://hackerone.com/adenoviardian,Z2lkOi8vaGFja2Vyb25lL1VzZXIvNDI1NDE4Nw==
459,nazariosafariesqi,102,32735,1,1,,,individual,https://hackerone.com/nazariosafariesqi,Z2lkOi8vaGFja2Vyb25lL1VzZXIvNDI3Nzg5Nw==
460,mfs1337,102,32735,0,1,,,individual,https://hackerone.com/mfs1337,Z2lkOi8vaGFja2Vyb25lL1VzZXIvNDIwMDE5OA==
461,6e6f787861,102,32735,0,1,,,individual,https://hackerone.com/6e6f787861,Z2lkOi8vaGFja2Vyb25lL1VzZXIvNDIyMjYyMg==
462,alierektz,102,32735,0,1,,,individual,https://hackerone.com/alierektz,Z2lkOi8vaGFja2Vyb25lL1VzZXIvNDM1MDE5Nw==
463,f1shcod,102,32735,0,1,,,individual,https://hackerone.com/f1shcod,Z2lkOi8vaGFja2Vyb25lL1VzZXIvNDM1MTkzNg==
464,sr01,102,32735,1,1,,,individual,https://hackerone.com/sr01,Z2lkOi8vaGFja2Vyb25lL1VzZXIvNDMwMDY4Ng==
465,cberetta,102,32735,0,0,,,individual,https://hackerone.com/cberetta,Z2lkOi8vaGFja2Vyb25lL1VzZXIvNDMwMDgwOQ==
466,gethuk,102,32735,0,1,,,individual,https://hackerone.com/gethuk,Z2lkOi8vaGFja2Vyb25lL1VzZXIvNDMyNzU0
467,redbeardx9,102,32735,0,1,,,individual,https://hackerone.com/redbeardx9,Z2lkOi8vaGFja2Vyb25lL1VzZXIvNDQyODI5OQ==
468,ramafkri,102,32735,0,1,,,individual,https://hackerone.com/ramafkri,Z2lkOi8vaGFja2Vyb25lL1VzZXIvNDU0OTM2Mw==
469,c1nu,102,32735,0,1,,,individual,https://hackerone.com/c1nu,Z2lkOi8vaGFja2Vyb25lL1VzZXIvNDU2MTg3Ng==
470,kretozs,102,32735,0,1,,,individual,https://hackerone.com/kretozs,Z2lkOi8vaGFja2Vyb25lL1VzZXIvNDUxODI3OQ==
471,ebonx,102,32735,1,0,,,individual,https://hackerone.com/ebonx,Z2lkOi8vaGFja2Vyb25lL1VzZXIvNTEzNDI1
472,xcore13x,102,32735,0,1,,,individual,https://hackerone.com/xcore13x,Z2lkOi8vaGFja2Vyb25lL1VzZXIvNTY0ODg1
473,lcr999x,102,32735,1,1,,,individual,https://hackerone.com/lcr999x,Z2lkOi8vaGFja2Vyb25lL1VzZXIvNjY4MzMy
474,arf224,102,32735,0,1,,,individual,https://hackerone.com/arf224,Z2lkOi8vaGFja2Vyb25lL1VzZXIvNzUxNTM0
475,d4rkd,102,32735,0,1,,,individual,https://hackerone.com/d4rkd,Z2lkOi8vaGFja2Vyb25lL1VzZXIvODY3MTc2
476,khs1n,102,32735,0,1,,,individual,https://hackerone.com/khs1n,Z2lkOi8vaGFja2Vyb25lL1VzZXIvODkzNzQ4
477,ghroot67,102,32735,0,1,,,individual,https://hackerone.com/ghroot67,Z2lkOi8vaGFja2Vyb25lL1VzZXIvOTE4NDA2
478,alfi21s,102,32735,1,1,,,individual,https://hackerone.com/alfi21s,Z2lkOi8vaGFja2Vyb25lL1VzZXIvOTQ5MDM1
479,tuzki666,102,32735,0,1,,,individual,https://hackerone.com/tuzki666,Z2lkOi8vaGFja2Vyb25lL1VzZXIvOTY2OTIz
480,c4kc0k,102,32735,0,1,,,individual,https://hackerone.com/c4kc0k,Z2lkOi8vaGFja2Vyb25lL1VzZXIvOTY5MTY2
481,fakhricrd,101,38176,3,3,1.0,,individual,https://hackerone.com/fakhricrd,Z2lkOi8vaGFja2Vyb25lL1VzZXIvMjExMjgyOQ==
482,family_bachtiar101,101,38176,1,4,-3.4,18.33,individual,https://hackerone.com/family_bachtiar101,Z2lkOi8vaGFja2Vyb25lL1VzZXIvMjYxNjM3NA==
483,bexovoris,101,38176,1,2,-1.0,,individual,https://hackerone.com/bexovoris,Z2lkOi8vaGFja2Vyb25lL1VzZXIvMjc0NTE3Mg==
484,kac0,101,38176,1,3,-1.0,,individual,https://hackerone.com/kac0,Z2lkOi8vaGFja2Vyb25lL1VzZXIvMjgwMzEwNQ==
485,luxwhisky,100,38717,0,0,,,individual,https://hackerone.com/luxwhisky,Z2lkOi8vaGFja2Vyb25lL1VzZXIvMTA4NTQ3Mg==
486,ryanariana6,100,38717,0,0,,,individual,https://hackerone.com/ryanariana6,Z2lkOi8vaGFja2Vyb25lL1VzZXIvMTAzMjIwNQ==
487,m0nkeyt3ch,100,38717,0,0,,,individual,https://hackerone.com/m0nkeyt3ch,Z2lkOi8vaGFja2Vyb25lL1VzZXIvMTI0MDM0Ng==
488,b3njaminz,100,38717,0,0,,,individual,https://hackerone.com/b3njaminz,Z2lkOi8vaGFja2Vyb25lL1VzZXIvMTI4MTYwOA==
489,sunday1337,100,38717,0,0,,,individual,https://hackerone.com/sunday1337,Z2lkOi8vaGFja2Vyb25lL1VzZXIvMTI5ODI4Mw==
490,ahm_ul,100,38717,0,0,,,individual,https://hackerone.com/ahm_ul,Z2lkOi8vaGFja2Vyb25lL1VzZXIvMTIzNDMxMA==
491,hadyangans,100,38717,0,0,,,individual,https://hackerone.com/hadyangans,Z2lkOi8vaGFja2Vyb25lL1VzZXIvMTM3NjUzMA==
492,rohmatariow,100,38717,0,0,,,individual,https://hackerone.com/rohmatariow,Z2lkOi8vaGFja2Vyb25lL1VzZXIvMTMwODMxMQ==
493,abal_xpost,100,38717,0,0,,,individual,https://hackerone.com/abal_xpost,Z2lkOi8vaGFja2Vyb25lL1VzZXIvMTMyMDkzMw==
494,thx1337,100,38717,0,0,,,individual,https://hackerone.com/thx1337,Z2lkOi8vaGFja2Vyb25lL1VzZXIvMTMyNjQ0Mg==
495,amfarnas,100,38717,0,0,,,individual,https://hackerone.com/amfarnas,Z2lkOi8vaGFja2Vyb25lL1VzZXIvMTMyNjY1OQ==
496,subaidi,100,38717,0,0,,,individual,https://hackerone.com/subaidi,Z2lkOi8vaGFja2Vyb25lL1VzZXIvMTQ1MDA3Ng==
497,endlessly,100,38717,0,0,,,individual,https://hackerone.com/endlessly,Z2lkOi8vaGFja2Vyb25lL1VzZXIvMTQ1Mjg5Mw==
498,apt_05,100,38717,0,0,,,individual,https://hackerone.com/apt_05,Z2lkOi8vaGFja2Vyb25lL1VzZXIvMTQwMzM3Mw==
499,5y4h,100,38717,0,0,,,individual,https://hackerone.com/5y4h,Z2lkOi8vaGFja2Vyb25lL1VzZXIvMTQwODY3MA==
500,whats_name,100,38717,0,0,,,individual,https://hackerone.com/whats_name,Z2lkOi8vaGFja2Vyb25lL1VzZXIvMTQxOTYwMw==
501,sultanrizky1337,100,38717,0,0,,,individual,https://hackerone.com/sultanrizky1337,Z2lkOi8vaGFja2Vyb25lL1VzZXIvMTU3MzE0MQ==
502,hostservertuan,100,38717,0,0,,,individual,https://hackerone.com/hostservertuan,Z2lkOi8vaGFja2Vyb25lL1VzZXIvMTY3NjYyNw==
503,con7ext,100,38717,0,0,,,individual,https://hackerone.com/con7ext,Z2lkOi8vaGFja2Vyb25lL1VzZXIvMTY3OTAyMQ==
504,igniel,100,38717,0,0,,,individual,https://hackerone.com/igniel,Z2lkOi8vaGFja2Vyb25lL1VzZXIvMTY4NTU5MQ==
505,rtlenong,100,38717,0,0,,,individual,https://hackerone.com/rtlenong,Z2lkOi8vaGFja2Vyb25lL1VzZXIvMTYwNzIwNA==
506,firdansp,100,38717,0,1,,,individual,https://hackerone.com/firdansp,Z2lkOi8vaGFja2Vyb25lL1VzZXIvMTYzNjMzMA==
507,drh77,100,38717,0,0,,,individual,https://hackerone.com/drh77,Z2lkOi8vaGFja2Vyb25lL1VzZXIvMTYzODcwOA==
508,insecuresys,100,38717,0,0,,,individual,https://hackerone.com/insecuresys,Z2lkOi8vaGFja2Vyb25lL1VzZXIvMTc0NDA5OQ==
509,metoo12,100,38717,0,0,,,individual,https://hackerone.com/metoo12,Z2lkOi8vaGFja2Vyb25lL1VzZXIvMTc5OTI4Mw==
510,irwan01,100,38717,0,0,,,individual,https://hackerone.com/irwan01,Z2lkOi8vaGFja2Vyb25lL1VzZXIvMTczNzA5Mw==
511,mhhfdpro,100,38717,0,0,,,individual,https://hackerone.com/mhhfdpro,Z2lkOi8vaGFja2Vyb25lL1VzZXIvMTg0NTEwMA==
512,wzltn,100,38717,0,0,,,individual,https://hackerone.com/wzltn,Z2lkOi8vaGFja2Vyb25lL1VzZXIvMTg2ODIwOQ==
513,h79sen,100,38717,0,0,,,individual,https://hackerone.com/h79sen,Z2lkOi8vaGFja2Vyb25lL1VzZXIvMTgwNjk4NA==
514,blacklistcyberid,100,38717,0,0,,,individual,https://hackerone.com/blacklistcyberid,Z2lkOi8vaGFja2Vyb25lL1VzZXIvMTgxMTI5Mg==
515,hanz0x07,100,38717,0,0,,,individual,https://hackerone.com/hanz0x07,Z2lkOi8vaGFja2Vyb25lL1VzZXIvMTgxNDAzOA==
516,pikosec,100,38717,0,1,,,individual,https://hackerone.com/pikosec,Z2lkOi8vaGFja2Vyb25lL1VzZXIvMTgyNzM4OA==
517,banua,100,38717,0,0,,,individual,https://hackerone.com/banua,Z2lkOi8vaGFja2Vyb25lL1VzZXIvMTk2ODI2Mg==
518,b4wang,100,38717,0,0,,,individual,https://hackerone.com/b4wang,Z2lkOi8vaGFja2Vyb25lL1VzZXIvMTk5MDQ1Ng==
519,bangjp,100,38717,0,0,,,individual,https://hackerone.com/bangjp,Z2lkOi8vaGFja2Vyb25lL1VzZXIvMTkyNDg4OQ==
520,p0h,100,38717,0,0,,,individual,https://hackerone.com/p0h,Z2lkOi8vaGFja2Vyb25lL1VzZXIvMTkzMzgyOA==
521,sansan12,100,38717,0,0,,,individual,https://hackerone.com/sansan12,Z2lkOi8vaGFja2Vyb25lL1VzZXIvMjA2NjEzMw==
522,redshamn12,100,38717,0,1,,,individual,https://hackerone.com/redshamn12,Z2lkOi8vaGFja2Vyb25lL1VzZXIvMjA3OTc1OQ==
523,fr3,100,38717,0,0,,,individual,https://hackerone.com/fr3,Z2lkOi8vaGFja2Vyb25lL1VzZXIvMjAwMDAzMg==
524,blueberet,100,38717,0,0,,,individual,https://hackerone.com/blueberet,Z2lkOi8vaGFja2Vyb25lL1VzZXIvMjAzMzEwMw==
525,bintangsatu,100,38717,0,1,,,individual,https://hackerone.com/bintangsatu,Z2lkOi8vaGFja2Vyb25lL1VzZXIvMjE1MjA5Ng==
526,tanweerali,100,38717,0,0,,,individual,https://hackerone.com/tanweerali,Z2lkOi8vaGFja2Vyb25lL1VzZXIvMjE1NjU2Nw==
527,hilmiabdulazisfirmansyah,100,38717,0,0,,,individual,https://hackerone.com/hilmiabdulazisfirmansyah,Z2lkOi8vaGFja2Vyb25lL1VzZXIvMjE3MzIzMg==
528,ridwancard,100,38717,0,0,,,individual,https://hackerone.com/ridwancard,Z2lkOi8vaGFja2Vyb25lL1VzZXIvMjE3NzI0OA==
529,idd50,100,38717,0,0,,,individual,https://hackerone.com/idd50,Z2lkOi8vaGFja2Vyb25lL1VzZXIvMjE3ODU0Ng==
530,fecore,100,38717,0,0,,,individual,https://hackerone.com/fecore,Z2lkOi8vaGFja2Vyb25lL1VzZXIvMjEwNjM4MQ==
531,psychopumpum,100,38717,0,0,,,individual,https://hackerone.com/psychopumpum,Z2lkOi8vaGFja2Vyb25lL1VzZXIvMjExMDkwOQ==
532,quwaisploit,100,38717,0,0,,,individual,https://hackerone.com/quwaisploit,Z2lkOi8vaGFja2Vyb25lL1VzZXIvMjExMTI3Mg==
533,azhariramadhan,100,38717,0,0,,,individual,https://hackerone.com/azhariramadhan,Z2lkOi8vaGFja2Vyb25lL1VzZXIvMjEyMTIxMw==
534,adef13,100,38717,0,0,,,individual,https://hackerone.com/adef13,Z2lkOi8vaGFja2Vyb25lL1VzZXIvMjEyMjY2Mg==
535,4l1ve,100,38717,0,0,,,individual,https://hackerone.com/4l1ve,Z2lkOi8vaGFja2Vyb25lL1VzZXIvMjI4Mzg3Nw==
536,alvinferd25,100,38717,0,0,,,individual,https://hackerone.com/alvinferd25,Z2lkOi8vaGFja2Vyb25lL1VzZXIvMjI4NTcyNw==
537,zayui19,100,38717,0,0,,,individual,https://hackerone.com/zayui19,Z2lkOi8vaGFja2Vyb25lL1VzZXIvMjIzNDY3OQ==
538,rootings,100,38717,0,0,,,individual,https://hackerone.com/rootings,Z2lkOi8vaGFja2Vyb25lL1VzZXIvMjM2MDgwMg==
539,sotong1337,100,38717,0,0,,,individual,https://hackerone.com/sotong1337,Z2lkOi8vaGFja2Vyb25lL1VzZXIvMjM2MjIwNQ==
540,vegal31,100,38717,0,0,,,individual,https://hackerone.com/vegal31,Z2lkOi8vaGFja2Vyb25lL1VzZXIvMjM4MDM2Nw==
541,lowanzwijaya,100,38717,0,0,,,individual,https://hackerone.com/lowanzwijaya,Z2lkOi8vaGFja2Vyb25lL1VzZXIvMjM4OTM0OA==
542,rizalltampanz,100,38717,0,0,,,individual,https://hackerone.com/rizalltampanz,Z2lkOi8vaGFja2Vyb25lL1VzZXIvMjQ1MTMxNw==
543,rajo_paburu,100,38717,0,0,,,individual,https://hackerone.com/rajo_paburu,Z2lkOi8vaGFja2Vyb25lL1VzZXIvMjQ1OTI3Nw==
544,bp_acces,100,38717,0,0,,,individual,https://hackerone.com/bp_acces,Z2lkOi8vaGFja2Vyb25lL1VzZXIvMjQ3MjU3MQ==
545,secreach,100,38717,0,0,,,individual,https://hackerone.com/secreach,Z2lkOi8vaGFja2Vyb25lL1VzZXIvMjQ3MjUyNA==
546,rootbell,100,38717,0,0,,,individual,https://hackerone.com/rootbell,Z2lkOi8vaGFja2Vyb25lL1VzZXIvMjQ3OTY1Mg==
547,mysteriza,100,38717,0,0,,,individual,https://hackerone.com/mysteriza,Z2lkOi8vaGFja2Vyb25lL1VzZXIvMjQwNTcxNA==
548,desmon05,100,38717,0,0,,,individual,https://hackerone.com/desmon05,Z2lkOi8vaGFja2Vyb25lL1VzZXIvMjQwODY2Ng==
549,xksatriax,100,38717,0,0,,,individual,https://hackerone.com/xksatriax,Z2lkOi8vaGFja2Vyb25lL1VzZXIvMjQyNjczOQ==
550,k1ngp1ng,100,38717,0,0,,,individual,https://hackerone.com/k1ngp1ng,Z2lkOi8vaGFja2Vyb25lL1VzZXIvMjQzODU0NQ==
551,tolkontoldfdfd,100,38717,0,0,,,individual,https://hackerone.com/tolkontoldfdfd,Z2lkOi8vaGFja2Vyb25lL1VzZXIvMjU0MDYxNA==
552,0xr3nzz,100,38717,0,0,,,individual,https://hackerone.com/0xr3nzz,Z2lkOi8vaGFja2Vyb25lL1VzZXIvMjU0MzU0OA==
553,oneari,100,38717,0,0,,,individual,https://hackerone.com/oneari,Z2lkOi8vaGFja2Vyb25lL1VzZXIvMjU0MzUxOA==
554,sayutizxc,100,38717,0,0,,,individual,https://hackerone.com/sayutizxc,Z2lkOi8vaGFja2Vyb25lL1VzZXIvMjU1NzU0OQ==
555,babeland,100,38717,0,0,,,individual,https://hackerone.com/babeland,Z2lkOi8vaGFja2Vyb25lL1VzZXIvMjU2ODgyNQ==
556,cozsen,100,38717,0,0,,,individual,https://hackerone.com/cozsen,Z2lkOi8vaGFja2Vyb25lL1VzZXIvMjU5NjgwMQ==
557,nus1x,100,38717,0,0,,,individual,https://hackerone.com/nus1x,Z2lkOi8vaGFja2Vyb25lL1VzZXIvMjUwNzk3Mg==
558,nurhakim,100,38717,0,0,,,individual,https://hackerone.com/nurhakim,Z2lkOi8vaGFja2Vyb25lL1VzZXIvMjUxMzU2Nw==
559,kitkit99zfs,100,38717,0,0,,,individual,https://hackerone.com/kitkit99zfs,Z2lkOi8vaGFja2Vyb25lL1VzZXIvMjUxNTc3OA==
560,rm-h,100,38717,0,0,,,individual,https://hackerone.com/rm-h,Z2lkOi8vaGFja2Vyb25lL1VzZXIvMjUzNDk1OA==
561,gloo,100,38717,0,0,,,individual,https://hackerone.com/gloo,Z2lkOi8vaGFja2Vyb25lL1VzZXIvMjUzNTA0OQ==
562,dhxploit,100,38717,0,0,,,individual,https://hackerone.com/dhxploit,Z2lkOi8vaGFja2Vyb25lL1VzZXIvMjY0MTUyMQ==
563,loveurselff,100,38717,0,0,,,individual,https://hackerone.com/loveurselff,Z2lkOi8vaGFja2Vyb25lL1VzZXIvMjY2NDAwMQ==
564,dianbaehaki,100,38717,0,0,,,individual,https://hackerone.com/dianbaehaki,Z2lkOi8vaGFja2Vyb25lL1VzZXIvMjY4Mjg1MQ==
565,bashes,100,38717,0,0,,,individual,https://hackerone.com/bashes,Z2lkOi8vaGFja2Vyb25lL1VzZXIvMjc0MTExMw==
566,mutegdp1413,100,38717,0,0,,,individual,https://hackerone.com/mutegdp1413,Z2lkOi8vaGFja2Vyb25lL1VzZXIvMjc2Njk4Ng==
567,lr00t,100,38717,0,0,,,individual,https://hackerone.com/lr00t,Z2lkOi8vaGFja2Vyb25lL1VzZXIvMjc3Njk3Nw==
568,learnthebyte,100,38717,0,0,,,individual,https://hackerone.com/learnthebyte,Z2lkOi8vaGFja2Vyb25lL1VzZXIvMjc5NDAzMA==
569,yamashitamizuki,100,38717,0,0,,,individual,https://hackerone.com/yamashitamizuki,Z2lkOi8vaGFja2Vyb25lL1VzZXIvMjczMDQ3NA==
570,neicyy,100,38717,0,0,,,individual,https://hackerone.com/neicyy,Z2lkOi8vaGFja2Vyb25lL1VzZXIvMjczMDY3NQ==
571,d4nz,100,38717,0,0,,,individual,https://hackerone.com/d4nz,Z2lkOi8vaGFja2Vyb25lL1VzZXIvMjg0OTgxNg==
572,hextester,100,38717,0,0,,,individual,https://hackerone.com/hextester,Z2lkOi8vaGFja2Vyb25lL1VzZXIvMjg1NTg1Ng==
573,dhvnrmdhn,100,38717,0,0,,,individual,https://hackerone.com/dhvnrmdhn,Z2lkOi8vaGFja2Vyb25lL1VzZXIvMjg2OTU0MQ==
574,hellojawa,100,38717,0,0,,,individual,https://hackerone.com/hellojawa,Z2lkOi8vaGFja2Vyb25lL1VzZXIvMjgyMDYxMw==
575,imingame,100,38717,0,0,,,individual,https://hackerone.com/imingame,Z2lkOi8vaGFja2Vyb25lL1VzZXIvMjgzNzEzNA==
576,gazuazzuazz,100,38717,0,0,,,individual,https://hackerone.com/gazuazzuazz,Z2lkOi8vaGFja2Vyb25lL1VzZXIvMjk5NjEwNw==
577,jjchonc,100,38717,0,1,,,individual,https://hackerone.com/jjchonc,Z2lkOi8vaGFja2Vyb25lL1VzZXIvMjkwNDEwMA==
578,abiyunda,100,38717,0,0,,,individual,https://hackerone.com/abiyunda,Z2lkOi8vaGFja2Vyb25lL1VzZXIvMjkxNDcyNw==
579,mrmichie07,100,38717,0,0,,,individual,https://hackerone.com/mrmichie07,Z2lkOi8vaGFja2Vyb25lL1VzZXIvMzA0NTg1NQ==
580,kentooo,100,38717,0,0,,,individual,https://hackerone.com/kentooo,Z2lkOi8vaGFja2Vyb25lL1VzZXIvMzA1MjIwNg==
581,0xc4t,100,38717,0,0,,,individual,https://hackerone.com/0xc4t,Z2lkOi8vaGFja2Vyb25lL1VzZXIvMzA2MTc3Ng==
582,gospel69,100,38717,0,0,,,individual,https://hackerone.com/gospel69,Z2lkOi8vaGFja2Vyb25lL1VzZXIvMzAwMjU5OA==
583,phaser_,100,38717,0,0,,,individual,https://hackerone.com/phaser_,Z2lkOi8vaGFja2Vyb25lL1VzZXIvMzAwMzQyNQ==
584,k0m0d0id,100,38717,0,0,,,individual,https://hackerone.com/k0m0d0id,Z2lkOi8vaGFja2Vyb25lL1VzZXIvMzAxNjY3OA==
585,mnovalbs,100,38717,0,0,,,individual,https://hackerone.com/mnovalbs,Z2lkOi8vaGFja2Vyb25lL1VzZXIvMzAxOTM4Nw==
586,dhafy,100,38717,0,0,,,individual,https://hackerone.com/dhafy,Z2lkOi8vaGFja2Vyb25lL1VzZXIvMzAyMzg2Mg==
587,themisalecetra,100,38717,0,0,,,individual,https://hackerone.com/themisalecetra,Z2lkOi8vaGFja2Vyb25lL1VzZXIvMzAzMzIzNw==
588,nazxa,100,38717,0,0,,,individual,https://hackerone.com/nazxa,Z2lkOi8vaGFja2Vyb25lL1VzZXIvMzAzNDQyNw==
589,nightxsec,100,38717,0,1,,,individual,https://hackerone.com/nightxsec,Z2lkOi8vaGFja2Vyb25lL1VzZXIvMzE2MDg4MA==
590,karintan,100,38717,0,0,,,individual,https://hackerone.com/karintan,Z2lkOi8vaGFja2Vyb25lL1VzZXIvMzE4MzM5NA==
591,d6falt,100,38717,0,0,,,individual,https://hackerone.com/d6falt,Z2lkOi8vaGFja2Vyb25lL1VzZXIvMzExMDcwNw==
592,jusronp,100,38717,0,0,,,individual,https://hackerone.com/jusronp,Z2lkOi8vaGFja2Vyb25lL1VzZXIvMzExMTI1OA==
593,iancs,100,38717,0,0,,,individual,https://hackerone.com/iancs,Z2lkOi8vaGFja2Vyb25lL1VzZXIvMzI0MTEzNg==
594,rilsan,100,38717,0,0,,,individual,https://hackerone.com/rilsan,Z2lkOi8vaGFja2Vyb25lL1VzZXIvMzI0ODA4OA==
595,0xfrosty,100,38717,0,0,,,individual,https://hackerone.com/0xfrosty,Z2lkOi8vaGFja2Vyb25lL1VzZXIvMzI1NzIzMA==
596,zocchi,100,38717,0,0,,,individual,https://hackerone.com/zocchi,Z2lkOi8vaGFja2Vyb25lL1VzZXIvMzI1OTA3OA==
597,ledokss,100,38717,0,0,,,individual,https://hackerone.com/ledokss,Z2lkOi8vaGFja2Vyb25lL1VzZXIvMzI4MDk3MA==
598,lanus,100,38717,0,0,,,individual,https://hackerone.com/lanus,Z2lkOi8vaGFja2Vyb25lL1VzZXIvMzI4MTg5Mw==
599,maulanaagung,100,38717,0,0,,,individual,https://hackerone.com/maulanaagung,Z2lkOi8vaGFja2Vyb25lL1VzZXIvMzI5NzkxMw==
600,heane,100,38717,0,0,,,individual,https://hackerone.com/heane,Z2lkOi8vaGFja2Vyb25lL1VzZXIvMzIwODY2NA==
601,ikyxd,100,38717,0,0,,,individual,https://hackerone.com/ikyxd,Z2lkOi8vaGFja2Vyb25lL1VzZXIvMzIwOTQxNA==
602,flyvree,100,38717,0,0,,,individual,https://hackerone.com/flyvree,Z2lkOi8vaGFja2Vyb25lL1VzZXIvMzIxMDcwNQ==
603,kuy22,100,38717,0,0,,,individual,https://hackerone.com/kuy22,Z2lkOi8vaGFja2Vyb25lL1VzZXIvMzIyMDYzMQ==
604,bluexz-only,100,38717,0,0,,,individual,https://hackerone.com/bluexz-only,Z2lkOi8vaGFja2Vyb25lL1VzZXIvMzM0MzYwNg==
605,pyscodes,100,38717,0,0,,,individual,https://hackerone.com/pyscodes,Z2lkOi8vaGFja2Vyb25lL1VzZXIvMzM1NzI4OA==
606,santricyber,100,38717,0,0,,,individual,https://hackerone.com/santricyber,Z2lkOi8vaGFja2Vyb25lL1VzZXIvMzM2Njc4MQ==
607,egar07,100,38717,0,0,,,individual,https://hackerone.com/egar07,Z2lkOi8vaGFja2Vyb25lL1VzZXIvMzM2ODY3MQ==
608,kenzx,100,38717,0,0,,,individual,https://hackerone.com/kenzx,Z2lkOi8vaGFja2Vyb25lL1VzZXIvMzM3MDg2OQ==
609,nap99,100,38717,0,0,,,individual,https://hackerone.com/nap99,Z2lkOi8vaGFja2Vyb25lL1VzZXIvMzM3NTIzOA==
610,rizqimaulana,100,38717,0,0,,,individual,https://hackerone.com/rizqimaulana,Z2lkOi8vaGFja2Vyb25lL1VzZXIvMzM5NDg3
611,enjeex,100,38717,0,1,,,individual,https://hackerone.com/enjeex,Z2lkOi8vaGFja2Vyb25lL1VzZXIvMzM5NjU2NQ==
612,positivevibe,100,38717,0,0,,,individual,https://hackerone.com/positivevibe,Z2lkOi8vaGFja2Vyb25lL1VzZXIvMzMwMTg0OA==
613,wagyudone,100,38717,0,0,,,individual,https://hackerone.com/wagyudone,Z2lkOi8vaGFja2Vyb25lL1VzZXIvMzMwMjY0Nw==
614,sc4redy,100,38717,0,0,,,individual,https://hackerone.com/sc4redy,Z2lkOi8vaGFja2Vyb25lL1VzZXIvMzMxNDIyNg==
615,vinzzx231,100,38717,0,0,,,individual,https://hackerone.com/vinzzx231,Z2lkOi8vaGFja2Vyb25lL1VzZXIvMzMxNTc2OQ==
616,trbrox,100,38717,0,0,,,individual,https://hackerone.com/trbrox,Z2lkOi8vaGFja2Vyb25lL1VzZXIvMzMyMzU5OA==
617,ardeva22,100,38717,0,0,,,individual,https://hackerone.com/ardeva22,Z2lkOi8vaGFja2Vyb25lL1VzZXIvMzQ0MTkxMQ==
618,prakoso004,100,38717,0,0,,,individual,https://hackerone.com/prakoso004,Z2lkOi8vaGFja2Vyb25lL1VzZXIvMzQ0NzI5MA==
619,najibulasror,100,38717,0,0,,,individual,https://hackerone.com/najibulasror,Z2lkOi8vaGFja2Vyb25lL1VzZXIvMzQ2MjA5MQ==
620,nelsonyonzon,100,38717,0,0,,,individual,https://hackerone.com/nelsonyonzon,Z2lkOi8vaGFja2Vyb25lL1VzZXIvMzQ3MTI4Mg==
621,sin9911,100,38717,0,0,,,individual,https://hackerone.com/sin9911,Z2lkOi8vaGFja2Vyb25lL1VzZXIvMzQ3NjQzMA==
622,ghostxd00,100,38717,0,0,,,individual,https://hackerone.com/ghostxd00,Z2lkOi8vaGFja2Vyb25lL1VzZXIvMzQ5MzEwMg==
623,wawlast00,100,38717,0,0,,,individual,https://hackerone.com/wawlast00,Z2lkOi8vaGFja2Vyb25lL1VzZXIvMzQ5NzA3OQ==
624,cedsbstn,100,38717,0,0,,,individual,https://hackerone.com/cedsbstn,Z2lkOi8vaGFja2Vyb25lL1VzZXIvMzQwOTQxMw==
625,4hmad56,100,38717,0,0,,,individual,https://hackerone.com/4hmad56,Z2lkOi8vaGFja2Vyb25lL1VzZXIvMzQxMDU1Mg==
626,skuzyyy,100,38717,0,0,,,individual,https://hackerone.com/skuzyyy,Z2lkOi8vaGFja2Vyb25lL1VzZXIvMzQxNjM2NA==
627,nphyt,100,38717,0,0,,,individual,https://hackerone.com/nphyt,Z2lkOi8vaGFja2Vyb25lL1VzZXIvMzQyNzY0Nw==
628,brzzz,100,38717,0,0,,,individual,https://hackerone.com/brzzz,Z2lkOi8vaGFja2Vyb25lL1VzZXIvMzQzNDA2Nw==
629,jxigris,100,38717,0,0,,,individual,https://hackerone.com/jxigris,Z2lkOi8vaGFja2Vyb25lL1VzZXIvMzQzNTM2OA==
630,tinypurpleberryy,100,38717,0,0,,,individual,https://hackerone.com/tinypurpleberryy,Z2lkOi8vaGFja2Vyb25lL1VzZXIvMzQzNjQ3Ng==
631,aceproulx01,100,38717,0,0,,,individual,https://hackerone.com/aceproulx01,Z2lkOi8vaGFja2Vyb25lL1VzZXIvMzQzOTU1OQ==
632,firdaus_muhammad_ismail,100,38717,0,0,,,individual,https://hackerone.com/firdaus_muhammad_ismail,Z2lkOi8vaGFja2Vyb25lL1VzZXIvMzU0MDY2OQ==
633,zukyun,100,38717,0,0,,,individual,https://hackerone.com/zukyun,Z2lkOi8vaGFja2Vyb25lL1VzZXIvMzU1Mjc4Mg==
634,rohmadhidayahh,100,,0,0,,,individual,https://hackerone.com/rohmadhidayahh,Z2lkOi8vaGFja2Vyb25lL1VzZXIvMzU1NDQzOQ==
635,fazriansyahmuh,100,38717,0,0,,,individual,https://hackerone.com/fazriansyahmuh,Z2lkOi8vaGFja2Vyb25lL1VzZXIvMzU2Mjc1Mg==
636,youknowsnowsee,100,38717,0,0,,,individual,https://hackerone.com/youknowsnowsee,Z2lkOi8vaGFja2Vyb25lL1VzZXIvMzU3ODMxOA==
637,sunwukongcyber,100,38717,0,0,,,individual,https://hackerone.com/sunwukongcyber,Z2lkOi8vaGFja2Vyb25lL1VzZXIvMzU3OTE5Mw==
638,s3nkuu0,100,38717,0,0,,,individual,https://hackerone.com/s3nkuu0,Z2lkOi8vaGFja2Vyb25lL1VzZXIvMzU5NDQzNQ==
639,vampxd,100,38717,0,0,,,individual,https://hackerone.com/vampxd,Z2lkOi8vaGFja2Vyb25lL1VzZXIvMzUyNDMyMA==
640,bleco,100,38717,0,0,,,individual,https://hackerone.com/bleco,Z2lkOi8vaGFja2Vyb25lL1VzZXIvMzUyNTY2Nw==
641,rohmad_hidayah,100,,0,0,,,individual,https://hackerone.com/rohmad_hidayah,Z2lkOi8vaGFja2Vyb25lL1VzZXIvMzUzODQ3OA==
642,bosbulan,100,38717,0,0,,,individual,https://hackerone.com/bosbulan,Z2lkOi8vaGFja2Vyb25lL1VzZXIvMzY0MTIx
643,sewnkin,100,38717,0,0,,,individual,https://hackerone.com/sewnkin,Z2lkOi8vaGFja2Vyb25lL1VzZXIvMzY0OTAzMw==
644,banyray8,100,38717,0,0,,,individual,https://hackerone.com/banyray8,Z2lkOi8vaGFja2Vyb25lL1VzZXIvMzY2Nzg4OQ==
645,0xfealsx,100,38717,0,0,,,individual,https://hackerone.com/0xfealsx,Z2lkOi8vaGFja2Vyb25lL1VzZXIvMzY4NzI2MA==
646,funfisika,100,38717,0,0,,,individual,https://hackerone.com/funfisika,Z2lkOi8vaGFja2Vyb25lL1VzZXIvMzY5MzUzOQ==
647,cybersmd,100,38717,0,0,,,individual,https://hackerone.com/cybersmd,Z2lkOi8vaGFja2Vyb25lL1VzZXIvMzYwMDk2NA==
648,g00dm4n,100,38717,0,0,,,individual,https://hackerone.com/g00dm4n,Z2lkOi8vaGFja2Vyb25lL1VzZXIvMzYwNjk3Mw==
649,krypton2021,100,38717,0,0,,,individual,https://hackerone.com/krypton2021,Z2lkOi8vaGFja2Vyb25lL1VzZXIvMzYwNzY5NQ==
650,cyberlimit2,100,38717,0,0,,,individual,https://hackerone.com/cyberlimit2,Z2lkOi8vaGFja2Vyb25lL1VzZXIvMzYxNzI0MQ==
651,he_is_pirate,100,38717,0,0,,,individual,https://hackerone.com/he_is_pirate,Z2lkOi8vaGFja2Vyb25lL1VzZXIvMzc1MjE0MA==
652,mengen,100,38717,0,0,,,individual,https://hackerone.com/mengen,Z2lkOi8vaGFja2Vyb25lL1VzZXIvMzg2MDEwMA==
653,farrel0xx_,100,38717,0,0,,,individual,https://hackerone.com/farrel0xx_,Z2lkOi8vaGFja2Vyb25lL1VzZXIvMzg4MDY5NA==
654,ucoksgans,100,38717,0,0,,,individual,https://hackerone.com/ucoksgans,Z2lkOi8vaGFja2Vyb25lL1VzZXIvMzg4Mjc5MQ==
655,garciaa,100,38717,0,0,,,individual,https://hackerone.com/garciaa,Z2lkOi8vaGFja2Vyb25lL1VzZXIvMzk1MDMyMQ==
656,alwaysme22,100,38717,0,1,,,individual,https://hackerone.com/alwaysme22,Z2lkOi8vaGFja2Vyb25lL1VzZXIvMzk1NDUzNg==
657,cakarasss,100,38717,0,0,,,individual,https://hackerone.com/cakarasss,Z2lkOi8vaGFja2Vyb25lL1VzZXIvMzk2MzY4MA==
658,eldjie,100,38717,0,0,,,individual,https://hackerone.com/eldjie,Z2lkOi8vaGFja2Vyb25lL1VzZXIvMzk2NTI4Mw==
659,mhkti_17,100,38717,0,1,,,individual,https://hackerone.com/mhkti_17,Z2lkOi8vaGFja2Vyb25lL1VzZXIvMzk2ODYzNA==
660,rhafa_one,100,38717,0,0,,,individual,https://hackerone.com/rhafa_one,Z2lkOi8vaGFja2Vyb25lL1VzZXIvMzk2OTA0Mg==
661,vanoayoungboy,100,38717,0,0,,,individual,https://hackerone.com/vanoayoungboy,Z2lkOi8vaGFja2Vyb25lL1VzZXIvMzk3MzY2MQ==
662,mojocyber,100,38717,0,0,,,individual,https://hackerone.com/mojocyber,Z2lkOi8vaGFja2Vyb25lL1VzZXIvMzk4NTg3MQ==
663,yudiganteng11,100,38717,0,0,,,individual,https://hackerone.com/yudiganteng11,Z2lkOi8vaGFja2Vyb25lL1VzZXIvMzk4OTU2OQ==
664,z0lf,100,38717,0,0,,,individual,https://hackerone.com/z0lf,Z2lkOi8vaGFja2Vyb25lL1VzZXIvMzkwNDgyNQ==
665,hachi,100,38717,0,0,,,individual,https://hackerone.com/hachi,Z2lkOi8vaGFja2Vyb25lL1VzZXIvMzkwODcy
666,ronin4code,100,38717,0,0,,,individual,https://hackerone.com/ronin4code,Z2lkOi8vaGFja2Vyb25lL1VzZXIvMzkyNDUzOQ==
667,younggenerations,100,38717,0,0,,,individual,https://hackerone.com/younggenerations,Z2lkOi8vaGFja2Vyb25lL1VzZXIvNDA0OTMzOQ==
668,redacted0x01x,100,38717,0,0,,,individual,https://hackerone.com/redacted0x01x,Z2lkOi8vaGFja2Vyb25lL1VzZXIvNDAwMTgyNA==
669,prast_id,100,38717,0,0,,,individual,https://hackerone.com/prast_id,Z2lkOi8vaGFja2Vyb25lL1VzZXIvNDAyMTMxNg==
670,aprilrian,100,38717,0,0,,,individual,https://hackerone.com/aprilrian,Z2lkOi8vaGFja2Vyb25lL1VzZXIvNDAzMzQ2OA==
671,ardxcryz,100,38717,0,0,,,individual,https://hackerone.com/ardxcryz,Z2lkOi8vaGFja2Vyb25lL1VzZXIvNDE2MzIwOQ==
672,smuft1707,100,38717,0,0,,,individual,https://hackerone.com/smuft1707,Z2lkOi8vaGFja2Vyb25lL1VzZXIvNDI0MDk2OQ==
673,pennyw1se,100,38717,0,0,,,individual,https://hackerone.com/pennyw1se,Z2lkOi8vaGFja2Vyb25lL1VzZXIvNDI1NDMyMQ==
674,3yefor3ye,100,38717,0,0,,,individual,https://hackerone.com/3yefor3ye,Z2lkOi8vaGFja2Vyb25lL1VzZXIvNDI3NTY1OA==
675,wtrm1n,100,38717,0,0,,,individual,https://hackerone.com/wtrm1n,Z2lkOi8vaGFja2Vyb25lL1VzZXIvNDI5MDI1NA==
676,xredindo,100,38717,0,0,,,individual,https://hackerone.com/xredindo,Z2lkOi8vaGFja2Vyb25lL1VzZXIvNDI5NDY2OA==
677,gloryfa__-,100,38717,0,0,,,individual,https://hackerone.com/gloryfa__-,Z2lkOi8vaGFja2Vyb25lL1VzZXIvNDIwNTQ0MA==
678,rayarr,100,38717,0,0,,,individual,https://hackerone.com/rayarr,Z2lkOi8vaGFja2Vyb25lL1VzZXIvNDIxNzIxOQ==
679,azelsans,100,38717,0,0,,,individual,https://hackerone.com/azelsans,Z2lkOi8vaGFja2Vyb25lL1VzZXIvNDIyNzY2Nw==
680,capscyber,100,38717,0,0,,,individual,https://hackerone.com/capscyber,Z2lkOi8vaGFja2Vyb25lL1VzZXIvNDIzOTkyNQ==
681,kelvinyen,100,38717,0,0,,,individual,https://hackerone.com/kelvinyen,Z2lkOi8vaGFja2Vyb25lL1VzZXIvNDM0MzU5NA==
682,masmasheker,100,38717,0,0,,,individual,https://hackerone.com/masmasheker,Z2lkOi8vaGFja2Vyb25lL1VzZXIvNDM1MDI5NQ==
683,bekasi-elite,100,38717,0,0,,,individual,https://hackerone.com/bekasi-elite,Z2lkOi8vaGFja2Vyb25lL1VzZXIvNDM1NTI1NA==
684,demyth,100,38717,0,0,,,individual,https://hackerone.com/demyth,Z2lkOi8vaGFja2Vyb25lL1VzZXIvNDM2MTIwNg==
685,geerhansentanu,100,38717,0,0,,,individual,https://hackerone.com/geerhansentanu,Z2lkOi8vaGFja2Vyb25lL1VzZXIvNDM2NzQ2MA==
686,reklipitunov,100,38717,0,0,,,individual,https://hackerone.com/reklipitunov,Z2lkOi8vaGFja2Vyb25lL1VzZXIvNDM4Mzc4Mw==
687,zhmaa,100,38717,0,0,,,individual,https://hackerone.com/zhmaa,Z2lkOi8vaGFja2Vyb25lL1VzZXIvNDM4NzU3NQ==
688,sicantik,100,38717,0,0,,,individual,https://hackerone.com/sicantik,Z2lkOi8vaGFja2Vyb25lL1VzZXIvNDQ4MTY4Mw==
689,lyxanar,100,38717,0,0,,,individual,https://hackerone.com/lyxanar,Z2lkOi8vaGFja2Vyb25lL1VzZXIvNDQ4NzczNg==
690,bubblecrack,100,38717,0,0,,,individual,https://hackerone.com/bubblecrack,Z2lkOi8vaGFja2Vyb25lL1VzZXIvNDQ5NTQxNg==
691,kujoroot,100,38717,0,0,,,individual,https://hackerone.com/kujoroot,Z2lkOi8vaGFja2Vyb25lL1VzZXIvNDQ5NTU3NA==
692,ptrb,100,38717,0,0,,,individual,https://hackerone.com/ptrb,Z2lkOi8vaGFja2Vyb25lL1VzZXIvNDQ5OTQ3Mg==
693,pppathfinder,100,38717,0,0,,,individual,https://hackerone.com/pppathfinder,Z2lkOi8vaGFja2Vyb25lL1VzZXIvNDQwMzAzOQ==
694,notok,100,38717,0,0,,,individual,https://hackerone.com/notok,Z2lkOi8vaGFja2Vyb25lL1VzZXIvNDQwNDM0Mw==
695,ykz404,100,38717,0,0,,,individual,https://hackerone.com/ykz404,Z2lkOi8vaGFja2Vyb25lL1VzZXIvNDQxMjU0Mw==
696,hanzcodedrop,100,38717,0,0,,,individual,https://hackerone.com/hanzcodedrop,Z2lkOi8vaGFja2Vyb25lL1VzZXIvNDQxNjI5Nw==
697,werewolv666,100,38717,0,0,,,individual,https://hackerone.com/werewolv666,Z2lkOi8vaGFja2Vyb25lL1VzZXIvNDU4NjM2Nw==
698,backdoorbandit,100,38717,0,0,,,individual,https://hackerone.com/backdoorbandit,Z2lkOi8vaGFja2Vyb25lL1VzZXIvNDU4ODgzNw==
699,izlsec,100,38717,0,0,,,individual,https://hackerone.com/izlsec,Z2lkOi8vaGFja2Vyb25lL1VzZXIvNDUwNjI5Mg==
700,anon117_,100,38717,0,0,,,individual,https://hackerone.com/anon117_,Z2lkOi8vaGFja2Vyb25lL1VzZXIvNDUxNzk5Mg==
701,adlaver,100,38717,0,0,,,individual,https://hackerone.com/adlaver,Z2lkOi8vaGFja2Vyb25lL1VzZXIvNDUxODMwNA==
702,kenapaboy,100,38717,0,0,,,individual,https://hackerone.com/kenapaboy,Z2lkOi8vaGFja2Vyb25lL1VzZXIvNDUyNTI1MQ==
703,billysnative,100,38717,0,0,,,individual,https://hackerone.com/billysnative,Z2lkOi8vaGFja2Vyb25lL1VzZXIvNDUzMTU5OA==
704,hokidoki,100,38717,0,0,,,individual,https://hackerone.com/hokidoki,Z2lkOi8vaGFja2Vyb25lL1VzZXIvNDUzNTEwOQ==
705,sigitamru,100,38717,0,0,,,individual,https://hackerone.com/sigitamru,Z2lkOi8vaGFja2Vyb25lL1VzZXIvNDYwMTE2MQ==
706,sivenntulen12,100,38717,0,0,,,individual,https://hackerone.com/sivenntulen12,Z2lkOi8vaGFja2Vyb25lL1VzZXIvNDYwMTkxMg==
707,zexrtw,100,38717,0,0,,,individual,https://hackerone.com/zexrtw,Z2lkOi8vaGFja2Vyb25lL1VzZXIvNDYxNDkxNw==
708,subchan,100,38717,0,0,,,individual,https://hackerone.com/subchan,Z2lkOi8vaGFja2Vyb25lL1VzZXIvNDYyMDAzNA==
709,whyhid47,100,38717,0,0,,,individual,https://hackerone.com/whyhid47,Z2lkOi8vaGFja2Vyb25lL1VzZXIvNDg4Mzg0
710,rayhanhanaputra,100,38717,0,0,,,individual,https://hackerone.com/rayhanhanaputra,Z2lkOi8vaGFja2Vyb25lL1VzZXIvNDkxNjIx
711,earthbender,100,38717,0,1,,,individual,https://hackerone.com/earthbender,Z2lkOi8vaGFja2Vyb25lL1VzZXIvNTY1NTA0
712,khaclep,100,38717,0,0,,,individual,https://hackerone.com/khaclep,Z2lkOi8vaGFja2Vyb25lL1VzZXIvNTcxMTk5
713,domicadoesca,100,38717,0,0,,,individual,https://hackerone.com/domicadoesca,Z2lkOi8vaGFja2Vyb25lL1VzZXIvNTgzMjY4
714,iblitzc0de,100,38717,0,0,,,individual,https://hackerone.com/iblitzc0de,Z2lkOi8vaGFja2Vyb25lL1VzZXIvNjY0MjY4
715,warifp,100,38717,0,0,,,individual,https://hackerone.com/warifp,Z2lkOi8vaGFja2Vyb25lL1VzZXIvNjg5MjEy
716,hexdemsion,100,38717,0,0,,,individual,https://hackerone.com/hexdemsion,Z2lkOi8vaGFja2Vyb25lL1VzZXIvNjgyOTg2
717,zsec_id,100,38717,0,0,,,individual,https://hackerone.com/zsec_id,Z2lkOi8vaGFja2Vyb25lL1VzZXIvODQyNDQz
718,sharpicx,100,38717,0,0,,,individual,https://hackerone.com/sharpicx,Z2lkOi8vaGFja2Vyb25lL1VzZXIvODk2NzY4
719,drxiiiq,100,38717,0,0,,,individual,https://hackerone.com/drxiiiq,Z2lkOi8vaGFja2Vyb25lL1VzZXIvOTA3OTM0
720,sec0nds0n,100,38717,0,0,,,individual,https://hackerone.com/sec0nds0n,Z2lkOi8vaGFja2Vyb25lL1VzZXIvOTgzODY0
721,sylncereyes,99,229980,1,2,-1.0,,individual,https://hackerone.com/sylncereyes,Z2lkOi8vaGFja2Vyb25lL1VzZXIvMTM0OTIyMg==
722,mxrizky,99,229980,1,2,-1.57,,individual,https://hackerone.com/mxrizky,Z2lkOi8vaGFja2Vyb25lL1VzZXIvMTMwOTM3Ng==
723,yuraveon,99,229980,0,1,,,individual,https://hackerone.com/yuraveon,Z2lkOi8vaGFja2Vyb25lL1VzZXIvMTQzMDQyMw==
724,orca88,99,229980,0,2,,,individual,https://hackerone.com/orca88,Z2lkOi8vaGFja2Vyb25lL1VzZXIvMjU0NzMyNg==
725,godzia,99,229980,1,1,-3.5,,individual,https://hackerone.com/godzia,Z2lkOi8vaGFja2Vyb25lL1VzZXIvNDIyNDc4
726,andrilss,97,230830,1,1,-1.0,,individual,https://hackerone.com/andrilss,Z2lkOi8vaGFja2Vyb25lL1VzZXIvMTI4OTAyOQ==
727,oksir,97,230830,0,1,,,individual,https://hackerone.com/oksir,Z2lkOi8vaGFja2Vyb25lL1VzZXIvMTYzMDQ1OA==
728,0xashiiii,97,230830,0,1,,,individual,https://hackerone.com/0xashiiii,Z2lkOi8vaGFja2Vyb25lL1VzZXIvMjAwMjYyOA==
729,pecelponorogo,97,230830,0,2,,,individual,https://hackerone.com/pecelponorogo,Z2lkOi8vaGFja2Vyb25lL1VzZXIvMjIyNDAyMw==
730,eazypyz,97,230831,1,2,,,individual,https://hackerone.com/eazypyz,Z2lkOi8vaGFja2Vyb25lL1VzZXIvMjQzODM4Nw==
731,dcrows3c,97,230830,0,1,,,individual,https://hackerone.com/dcrows3c,Z2lkOi8vaGFja2Vyb25lL1VzZXIvMjYyNzgyOQ==
732,zake1god,97,230831,0,2,,,individual,https://hackerone.com/zake1god,Z2lkOi8vaGFja2Vyb25lL1VzZXIvMjc5NDg2Mg==
733,dnlrsdy,97,230830,0,1,,,individual,https://hackerone.com/dnlrsdy,Z2lkOi8vaGFja2Vyb25lL1VzZXIvMjcyNzY5Nw==
734,dellohhh,97,230830,0,1,,,individual,https://hackerone.com/dellohhh,Z2lkOi8vaGFja2Vyb25lL1VzZXIvMzM0MDI3OA==
735,falsenine,97,230830,1,1,-1.0,,individual,https://hackerone.com/falsenine,Z2lkOi8vaGFja2Vyb25lL1VzZXIvMzM0MDY4OQ==
736,0x71rex,97,230830,0,1,,,individual,https://hackerone.com/0x71rex,Z2lkOi8vaGFja2Vyb25lL1VzZXIvMzQ1MDY0
737,pndsec,97,230831,0,1,,,individual,https://hackerone.com/pndsec,Z2lkOi8vaGFja2Vyb25lL1VzZXIvMzQxMDg4NA==
738,alewo,97,230831,0,1,-1.0,,individual,https://hackerone.com/alewo,Z2lkOi8vaGFja2Vyb25lL1VzZXIvMzg2NzM2NA==
739,ijphunter,97,230831,1,2,-1.0,,individual,https://hackerone.com/ijphunter,Z2lkOi8vaGFja2Vyb25lL1VzZXIvNDExNzkwNQ==
740,nofacez,97,230831,0,1,,,individual,https://hackerone.com/nofacez,Z2lkOi8vaGFja2Vyb25lL1VzZXIvNDEyNjQ4NQ==
741,dhipzy1337,97,230831,0,1,,,individual,https://hackerone.com/dhipzy1337,Z2lkOi8vaGFja2Vyb25lL1VzZXIvNDIzMTU5Mg==
742,ha1miyambg,97,230831,0,1,,,individual,https://hackerone.com/ha1miyambg,Z2lkOi8vaGFja2Vyb25lL1VzZXIvNDQzOTU2Nw==
743,vansukasawit,97,230831,0,0,-1.0,,individual,https://hackerone.com/vansukasawit,Z2lkOi8vaGFja2Vyb25lL1VzZXIvNDU2NDA4MQ==
744,azkura,97,230831,0,1,-1.0,,individual,https://hackerone.com/azkura,Z2lkOi8vaGFja2Vyb25lL1VzZXIvNDUzNTkwNg==
745,ninjavi,97,230831,0,1,,,individual,https://hackerone.com/ninjavi,Z2lkOi8vaGFja2Vyb25lL1VzZXIvNjA5OTcw
746,vascoz,96,232786,1,3,-1.0,,individual,https://hackerone.com/vascoz,Z2lkOi8vaGFja2Vyb25lL1VzZXIvMjA2OTMxOA==
747,lofixcodec_,96,232787,0,2,,,individual,https://hackerone.com/lofixcodec_,Z2lkOi8vaGFja2Vyb25lL1VzZXIvMjM3MDk2Ng==
748,brianneir,96,,0,1,,,individual,https://hackerone.com/brianneir,Z2lkOi8vaGFja2Vyb25lL1VzZXIvNDM0NTkxNw==
749,1tte,95,232978,0,0,,,individual,https://hackerone.com/1tte,Z2lkOi8vaGFja2Vyb25lL1VzZXIvMTA2NDQ2NQ==
750,silentchild6,95,232978,0,0,,,individual,https://hackerone.com/silentchild6,Z2lkOi8vaGFja2Vyb25lL1VzZXIvMTAxNjgxMA==
751,radytia,95,232978,0,0,,,individual,https://hackerone.com/radytia,Z2lkOi8vaGFja2Vyb25lL1VzZXIvMTI2ODAyNA==
752,anahendra,95,232978,0,1,,,individual,https://hackerone.com/anahendra,Z2lkOi8vaGFja2Vyb25lL1VzZXIvMTM2MTk5Nw==
753,real_dukun,95,232978,0,0,,,individual,https://hackerone.com/real_dukun,Z2lkOi8vaGFja2Vyb25lL1VzZXIvMTQyMDI2NA==
754,justr,95,232978,0,0,,,individual,https://hackerone.com/justr,Z2lkOi8vaGFja2Vyb25lL1VzZXIvMTc2MDcwMw==
755,galihabbip,95,232979,0,0,,,individual,https://hackerone.com/galihabbip,Z2lkOi8vaGFja2Vyb25lL1VzZXIvMTg4MzM3OQ==
756,armx,95,232978,0,0,,,individual,https://hackerone.com/armx,Z2lkOi8vaGFja2Vyb25lL1VzZXIvMTg4ODM4
757,zulfi0,95,232978,0,0,,,individual,https://hackerone.com/zulfi0,Z2lkOi8vaGFja2Vyb25lL1VzZXIvMTk0MjQ4NA==
758,qchad0909,95,232978,0,0,,,individual,https://hackerone.com/qchad0909,Z2lkOi8vaGFja2Vyb25lL1VzZXIvMTk4MjczNw==
759,foxsroot,95,232978,0,0,,,individual,https://hackerone.com/foxsroot,Z2lkOi8vaGFja2Vyb25lL1VzZXIvMTkwODE5NQ==
760,officialputuid,95,232979,0,1,,,individual,https://hackerone.com/officialputuid,Z2lkOi8vaGFja2Vyb25lL1VzZXIvMjAyNTk3Ng==
761,rizal_tampanz,95,232978,0,0,,,individual,https://hackerone.com/rizal_tampanz,Z2lkOi8vaGFja2Vyb25lL1VzZXIvMjI1ODU0Ng==
762,yasashihito,95,232978,0,0,,,individual,https://hackerone.com/yasashihito,Z2lkOi8vaGFja2Vyb25lL1VzZXIvMjI2NTk3Ng==
763,lanceroot555,95,232978,0,0,,,individual,https://hackerone.com/lanceroot555,Z2lkOi8vaGFja2Vyb25lL1VzZXIvMjMyNjI4Mg==
764,si_nonim,95,232978,0,0,,,individual,https://hackerone.com/si_nonim,Z2lkOi8vaGFja2Vyb25lL1VzZXIvMjQwMDQxMA==
765,ars27,95,232978,0,0,,,individual,https://hackerone.com/ars27,Z2lkOi8vaGFja2Vyb25lL1VzZXIvMjQzMTQ3Mg==
766,phantom4,95,232978,0,0,,,individual,https://hackerone.com/phantom4,Z2lkOi8vaGFja2Vyb25lL1VzZXIvMjU5NTQ5MA==
767,ytaufiq04,95,232978,0,0,,,individual,https://hackerone.com/ytaufiq04,Z2lkOi8vaGFja2Vyb25lL1VzZXIvMjYxNTA5OA==
768,thespartas,95,232978,0,0,,,individual,https://hackerone.com/thespartas,Z2lkOi8vaGFja2Vyb25lL1VzZXIvMjYzMjg3
769,afdolgazali,95,232978,0,0,,,individual,https://hackerone.com/afdolgazali,Z2lkOi8vaGFja2Vyb25lL1VzZXIvMjc1NzM2Mg==
770,ten_id,95,232978,0,0,,,individual,https://hackerone.com/ten_id,Z2lkOi8vaGFja2Vyb25lL1VzZXIvMjc4OTI1MQ==
771,syndrom2211,95,232978,0,0,,,individual,https://hackerone.com/syndrom2211,Z2lkOi8vaGFja2Vyb25lL1VzZXIvMjg0ODI4OA==
772,bangkitsanjaya_,95,232978,0,0,,,individual,https://hackerone.com/bangkitsanjaya_,Z2lkOi8vaGFja2Vyb25lL1VzZXIvMjg3MTM1MA==
773,galihadiwijaya,95,232978,0,0,,,individual,https://hackerone.com/galihadiwijaya,Z2lkOi8vaGFja2Vyb25lL1VzZXIvMjg5MjA4Ng==
774,si-mf,95,232978,0,0,,,individual,https://hackerone.com/si-mf,Z2lkOi8vaGFja2Vyb25lL1VzZXIvMjg5NDU5MA==
775,kecoakterbang04,95,232978,0,0,,,individual,https://hackerone.com/kecoakterbang04,Z2lkOi8vaGFja2Vyb25lL1VzZXIvMjgyNjQxOA==
776,kor3k,95,232978,0,0,,,individual,https://hackerone.com/kor3k,Z2lkOi8vaGFja2Vyb25lL1VzZXIvMjgzODY1NQ==
777,onesec_666x,95,232978,0,0,,,individual,https://hackerone.com/onesec_666x,Z2lkOi8vaGFja2Vyb25lL1VzZXIvMjk2MTcwMA==
778,faammaaf,95,232978,0,0,,,individual,https://hackerone.com/faammaaf,Z2lkOi8vaGFja2Vyb25lL1VzZXIvMjk5NjIxNA==
779,internal_admin,95,232978,0,0,,,individual,https://hackerone.com/internal_admin,Z2lkOi8vaGFja2Vyb25lL1VzZXIvMzA4MzI1MQ==
780,o2h,95,232978,0,0,,,individual,https://hackerone.com/o2h,Z2lkOi8vaGFja2Vyb25lL1VzZXIvMzAxNjE3Nw==
781,shadowfun,95,232979,0,0,,,individual,https://hackerone.com/shadowfun,Z2lkOi8vaGFja2Vyb25lL1VzZXIvMzE4NTk2
782,k4tedu,95,232979,0,1,,,individual,https://hackerone.com/k4tedu,Z2lkOi8vaGFja2Vyb25lL1VzZXIvMzEyMzQ1NQ==
783,bazeniancode,95,232979,0,0,,,individual,https://hackerone.com/bazeniancode,Z2lkOi8vaGFja2Vyb25lL1VzZXIvMzI5MjEzOA==
784,king_kizu,95,232978,0,0,,,individual,https://hackerone.com/king_kizu,Z2lkOi8vaGFja2Vyb25lL1VzZXIvMzIzNjM1OA==
785,eyefox,95,232979,0,0,,,individual,https://hackerone.com/eyefox,Z2lkOi8vaGFja2Vyb25lL1VzZXIvMzM2MTQ3MQ==
786,aeoh,95,232979,0,0,,,individual,https://hackerone.com/aeoh,Z2lkOi8vaGFja2Vyb25lL1VzZXIvMzMzODc5MQ==
787,xsen_code,95,232979,0,0,,,individual,https://hackerone.com/xsen_code,Z2lkOi8vaGFja2Vyb25lL1VzZXIvMzQ3MTcxMA==
788,bossarifsanjaya,95,232978,0,1,,,individual,https://hackerone.com/bossarifsanjaya,Z2lkOi8vaGFja2Vyb25lL1VzZXIvMzQxNjU0NQ==
789,t0m1irv4n,95,232978,0,0,,,individual,https://hackerone.com/t0m1irv4n,Z2lkOi8vaGFja2Vyb25lL1VzZXIvMzU2ODIwMA==
790,carrot99,95,232979,0,0,,,individual,https://hackerone.com/carrot99,Z2lkOi8vaGFja2Vyb25lL1VzZXIvMzc2ODAzOQ==
791,farissal_b,95,232979,0,0,,,individual,https://hackerone.com/farissal_b,Z2lkOi8vaGFja2Vyb25lL1VzZXIvNDI0OTAwNw==
792,madanisoraa,95,232979,0,0,,,individual,https://hackerone.com/madanisoraa,Z2lkOi8vaGFja2Vyb25lL1VzZXIvNDI4MzcxMw==
793,anna_mahayani,95,232979,0,0,,,individual,https://hackerone.com/anna_mahayani,Z2lkOi8vaGFja2Vyb25lL1VzZXIvNDIxNjQ0Nw==
794,skeletondouble,95,232979,0,0,,,individual,https://hackerone.com/skeletondouble,Z2lkOi8vaGFja2Vyb25lL1VzZXIvNDIzNzIxNQ==
795,mrlite4444,95,232979,0,0,,,individual,https://hackerone.com/mrlite4444,Z2lkOi8vaGFja2Vyb25lL1VzZXIvNDQ0ODE1Mg==
796,kestrel_ghost,95,232979,0,0,,,individual,https://hackerone.com/kestrel_ghost,Z2lkOi8vaGFja2Vyb25lL1VzZXIvNDQ3NjY3NQ==
797,xbools,95,232979,0,0,,,individual,https://hackerone.com/xbools,Z2lkOi8vaGFja2Vyb25lL1VzZXIvNDQ4NzkwMw==
798,masmib,95,232979,0,0,,,individual,https://hackerone.com/masmib,Z2lkOi8vaGFja2Vyb25lL1VzZXIvNDQzOTc5NA==
799,madani00,95,232979,0,0,,,individual,https://hackerone.com/madani00,Z2lkOi8vaGFja2Vyb25lL1VzZXIvNDU0MzI2OQ==
800,zeroonez,95,232979,0,0,,,individual,https://hackerone.com/zeroonez,Z2lkOi8vaGFja2Vyb25lL1VzZXIvNDU2ODA0Mg==
801,greyforestry,95,232979,0,0,,,individual,https://hackerone.com/greyforestry,Z2lkOi8vaGFja2Vyb25lL1VzZXIvNDU5Mjc4OA==
802,massbayy,95,232979,0,0,,,individual,https://hackerone.com/massbayy,Z2lkOi8vaGFja2Vyb25lL1VzZXIvNDUxNzE1MA==
803,king_sullivan,95,232979,0,0,,,individual,https://hackerone.com/king_sullivan,Z2lkOi8vaGFja2Vyb25lL1VzZXIvNDUyMzE4Nw==
804,fa33az,95,232979,0,0,,,individual,https://hackerone.com/fa33az,Z2lkOi8vaGFja2Vyb25lL1VzZXIvNDUzMzMyMA==
805,sparkle02,94,276371,1,2,,,individual,https://hackerone.com/sparkle02,Z2lkOi8vaGFja2Vyb25lL1VzZXIvMTI2MzU4Mg==
806,inspector_xz,94,276371,2,3,-1.0,,individual,https://hackerone.com/inspector_xz,Z2lkOi8vaGFja2Vyb25lL1VzZXIvMTg3NzI0Nw==
807,xhk_,94,276372,1,2,-2.0,,individual,https://hackerone.com/xhk_,Z2lkOi8vaGFja2Vyb25lL1VzZXIvMjYxMjkxNQ==
808,utfr1878_0x,94,276372,0,2,,,individual,https://hackerone.com/utfr1878_0x,Z2lkOi8vaGFja2Vyb25lL1VzZXIvNDQ3MjEwNQ==
809,cyberdesu,92,276994,0,1,,,individual,https://hackerone.com/cyberdesu,Z2lkOi8vaGFja2Vyb25lL1VzZXIvMTQ0NzA2Ng==
810,imfrnx,92,276994,0,1,,,individual,https://hackerone.com/imfrnx,Z2lkOi8vaGFja2Vyb25lL1VzZXIvMTQ2MzIwNg==
811,zerochiperxxx,92,276994,0,1,,,individual,https://hackerone.com/zerochiperxxx,Z2lkOi8vaGFja2Vyb25lL1VzZXIvMjg0MzM1OA==
812,ssherlock_1,92,276994,0,1,,,individual,https://hackerone.com/ssherlock_1,Z2lkOi8vaGFja2Vyb25lL1VzZXIvMjkzNjg3Mw==
813,epen,92,276995,1,1,-1.0,,individual,https://hackerone.com/epen,Z2lkOi8vaGFja2Vyb25lL1VzZXIvMzA0ODk1NQ==
814,meow1336,92,276995,0,1,,,individual,https://hackerone.com/meow1336,Z2lkOi8vaGFja2Vyb25lL1VzZXIvMzE0NjQ1NA==
815,mastiko1986,92,276994,0,1,,,individual,https://hackerone.com/mastiko1986,Z2lkOi8vaGFja2Vyb25lL1VzZXIvMzIzNTY1Mw==
816,william443,92,276994,0,1,,,individual,https://hackerone.com/william443,Z2lkOi8vaGFja2Vyb25lL1VzZXIvMzQ2OTQyNw==
817,xjustb0w,92,276995,0,1,-1.0,,individual,https://hackerone.com/xjustb0w,Z2lkOi8vaGFja2Vyb25lL1VzZXIvMzQ4MTYzMA==
818,pvx,92,276995,0,1,,,individual,https://hackerone.com/pvx,Z2lkOi8vaGFja2Vyb25lL1VzZXIvMzQyNjM3Mg==
819,planktonroot,92,276995,0,1,,,individual,https://hackerone.com/planktonroot,Z2lkOi8vaGFja2Vyb25lL1VzZXIvMzU5NDU5MQ==
820,mindbl0wsec,92,276994,0,1,,,individual,https://hackerone.com/mindbl0wsec,Z2lkOi8vaGFja2Vyb25lL1VzZXIvNjQwMzUx
821,n12d11n,91,278100,0,2,-3.44,,individual,https://hackerone.com/n12d11n,Z2lkOi8vaGFja2Vyb25lL1VzZXIvMzg2NzM5Mg==
822,kenjisubagja29,91,278100,1,1,-2.6,,individual,https://hackerone.com/kenjisubagja29,Z2lkOi8vaGFja2Vyb25lL1VzZXIvNDQ3MDAzNw==
823,rwxrwxs,91,278099,1,3,-3.25,,individual,https://hackerone.com/rwxrwxs,Z2lkOi8vaGFja2Vyb25lL1VzZXIvNjc3MjE0
824,denysetiawan,90,278219,0,0,,,individual,https://hackerone.com/denysetiawan,Z2lkOi8vaGFja2Vyb25lL1VzZXIvMTEyMTgxNQ==
825,rozi0242,90,278220,0,0,,,individual,https://hackerone.com/rozi0242,Z2lkOi8vaGFja2Vyb25lL1VzZXIvMTM1NTA1OQ==
826,justlookit,90,278219,0,0,,,individual,https://hackerone.com/justlookit,Z2lkOi8vaGFja2Vyb25lL1VzZXIvMTQxNzUwNA==
827,hihipro65,90,278219,0,0,,,individual,https://hackerone.com/hihipro65,Z2lkOi8vaGFja2Vyb25lL1VzZXIvMTc5NDY2MA==
828,exuros,90,278219,0,0,,,individual,https://hackerone.com/exuros,Z2lkOi8vaGFja2Vyb25lL1VzZXIvMjAwMDAxMg==
829,d3x068,90,278219,0,1,,,individual,https://hackerone.com/d3x068,Z2lkOi8vaGFja2Vyb25lL1VzZXIvMjEyNTY4Mg==
830,u171n,90,278219,0,0,,,individual,https://hackerone.com/u171n,Z2lkOi8vaGFja2Vyb25lL1VzZXIvMjY4OTgzMg==
831,hilalattamimi,90,278219,0,0,,,individual,https://hackerone.com/hilalattamimi,Z2lkOi8vaGFja2Vyb25lL1VzZXIvMjYxNTEwNA==
832,0xpungoe,90,278219,0,0,,,individual,https://hackerone.com/0xpungoe,Z2lkOi8vaGFja2Vyb25lL1VzZXIvMjYzMjE0NQ==
833,sapik,90,278219,0,0,,,individual,https://hackerone.com/sapik,Z2lkOi8vaGFja2Vyb25lL1VzZXIvMjYzMzA0NA==
834,halduey,90,278219,0,0,,,individual,https://hackerone.com/halduey,Z2lkOi8vaGFja2Vyb25lL1VzZXIvMzE2ODA0Mw==
835,bejokoke_,90,278219,0,0,,,individual,https://hackerone.com/bejokoke_,Z2lkOi8vaGFja2Vyb25lL1VzZXIvMzI0NDc2Nw==
836,rhadit0525,90,278219,0,0,,,individual,https://hackerone.com/rhadit0525,Z2lkOi8vaGFja2Vyb25lL1VzZXIvMzM2MDk1OQ==
837,andihsyh,90,278220,0,0,,,individual,https://hackerone.com/andihsyh,Z2lkOi8vaGFja2Vyb25lL1VzZXIvMzU5MTUyMw==
838,cryptovip,90,278220,0,0,,,individual,https://hackerone.com/cryptovip,Z2lkOi8vaGFja2Vyb25lL1VzZXIvNDM4ODY3MQ==
839,g0far,90,278220,0,0,,,individual,https://hackerone.com/g0far,Z2lkOi8vaGFja2Vyb25lL1VzZXIvNDU0OTkxMw==
840,rizki1337,90,278219,0,0,,,individual,https://hackerone.com/rizki1337,Z2lkOi8vaGFja2Vyb25lL1VzZXIvOTk0NDI4
841,xmark,90,278219,0,0,,,individual,https://hackerone.com/xmark,Z2lkOi8vaGFja2Vyb25lL1VzZXIvOTkxNzA1
842,haripriandana,89,292898,1,2,-2.6,,individual,https://hackerone.com/haripriandana,Z2lkOi8vaGFja2Vyb25lL1VzZXIvMTI3NjgzMg==
843,mrcylops,89,292898,2,2,-1.57,,individual,https://hackerone.com/mrcylops,Z2lkOi8vaGFja2Vyb25lL1VzZXIvMjIwNzk0NA==
844,twohair,89,292899,0,2,-5.0,,individual,https://hackerone.com/twohair,Z2lkOi8vaGFja2Vyb25lL1VzZXIvMjU0NzMw
845,nodal,87,293188,1,1,-2.0,,individual,https://hackerone.com/nodal,Z2lkOi8vaGFja2Vyb25lL1VzZXIvMTQxNDQyNA==
846,san9kala,87,293188,0,1,-5.0,,individual,https://hackerone.com/san9kala,Z2lkOi8vaGFja2Vyb25lL1VzZXIvMjU1MDkzMw==
847,yoshikage_kira26,87,293187,0,2,,,individual,https://hackerone.com/yoshikage_kira26,Z2lkOi8vaGFja2Vyb25lL1VzZXIvMjUzOTExOA==
848,p45pu7,87,293187,0,1,-5.0,,individual,https://hackerone.com/p45pu7,Z2lkOi8vaGFja2Vyb25lL1VzZXIvMjkzOTMwOA==
849,parjis,87,293187,0,1,-5.0,,individual,https://hackerone.com/parjis,Z2lkOi8vaGFja2Vyb25lL1VzZXIvMzM3NzY0Mw==
850,mindbl0w,87,293188,0,1,-3.75,,individual,https://hackerone.com/mindbl0w,Z2lkOi8vaGFja2Vyb25lL1VzZXIvNTMyOTYz
851,twosid,87,293187,0,1,-3.33,,individual,https://hackerone.com/twosid,Z2lkOi8vaGFja2Vyb25lL1VzZXIvOTQ3OTI2
852,yupysyntx,85,293930,0,0,,,individual,https://hackerone.com/yupysyntx,Z2lkOi8vaGFja2Vyb25lL1VzZXIvMTYzNzA1NQ==
853,friendsmr,85,293930,0,0,-5.0,,individual,https://hackerone.com/friendsmr,Z2lkOi8vaGFja2Vyb25lL1VzZXIvMTgyNzAzNQ==
854,rizal_marda,85,293930,0,0,,,individual,https://hackerone.com/rizal_marda,Z2lkOi8vaGFja2Vyb25lL1VzZXIvMjM0NTQ1Mg==
855,0xbroe,85,293930,0,0,-5.0,,individual,https://hackerone.com/0xbroe,Z2lkOi8vaGFja2Vyb25lL1VzZXIvMjM2MTYwOQ==
856,browtesting,85,293930,0,0,-5.0,,individual,https://hackerone.com/browtesting,Z2lkOi8vaGFja2Vyb25lL1VzZXIvMjQ2OTE5NA==
857,kertiaa,85,293930,0,1,,,individual,https://hackerone.com/kertiaa,Z2lkOi8vaGFja2Vyb25lL1VzZXIvMzI5NjkwOQ==
858,damnn_1,85,293930,0,0,-5.0,,individual,https://hackerone.com/damnn_1,Z2lkOi8vaGFja2Vyb25lL1VzZXIvMzQ3NzQ4MA==
859,k0r3kk,85,293931,0,1,-5.0,,individual,https://hackerone.com/k0r3kk,Z2lkOi8vaGFja2Vyb25lL1VzZXIvMzU4MTMwNg==
860,jnavibrokerscs,85,293930,0,0,-5.0,,individual,https://hackerone.com/jnavibrokerscs,Z2lkOi8vaGFja2Vyb25lL1VzZXIvNDAzMzM2MA==
861,mizzlynx00,85,293930,0,0,-5.0,,individual,https://hackerone.com/mizzlynx00,Z2lkOi8vaGFja2Vyb25lL1VzZXIvNDE5ODE0
862,nuribnuu,85,293931,0,0,-5.0,,individual,https://hackerone.com/nuribnuu,Z2lkOi8vaGFja2Vyb25lL1VzZXIvNDIwMjIwMw==
863,shinthink,85,293931,0,0,-5.0,,individual,https://hackerone.com/shinthink,Z2lkOi8vaGFja2Vyb25lL1VzZXIvNDQ4MjU4Mg==
864,mamunk,85,293931,0,0,,,individual,https://hackerone.com/mamunk,Z2lkOi8vaGFja2Vyb25lL1VzZXIvNDUwMDY3NQ==
865,yonko09988,85,293931,0,0,-5.0,,individual,https://hackerone.com/yonko09988,Z2lkOi8vaGFja2Vyb25lL1VzZXIvNDUwMDcxMQ==
866,secanalysts,84,298695,1,2,-1.8,,individual,https://hackerone.com/secanalysts,Z2lkOi8vaGFja2Vyb25lL1VzZXIvMTczOTY1
867,algisec1337,84,298695,2,3,-2.0,,individual,https://hackerone.com/algisec1337,Z2lkOi8vaGFja2Vyb25lL1VzZXIvMjI4MTIzMQ==
868,fajarakmall,83,298857,3,5,,,individual,https://hackerone.com/fajarakmall,Z2lkOi8vaGFja2Vyb25lL1VzZXIvMTQxNTk0NQ==
869,pekora,82,298902,0,1,-5.0,,individual,https://hackerone.com/pekora,Z2lkOi8vaGFja2Vyb25lL1VzZXIvMTAyMzE3NQ==
870,jingga,82,298902,1,2,-2.6,,individual,https://hackerone.com/jingga,Z2lkOi8vaGFja2Vyb25lL1VzZXIvMTM4ODczMg==
871,tuasikal_abdul13,82,298903,0,1,-3.6,,individual,https://hackerone.com/tuasikal_abdul13,Z2lkOi8vaGFja2Vyb25lL1VzZXIvMjg1ODY0OQ==
872,adnanapriliyansyah,82,298903,0,1,-5.0,,individual,https://hackerone.com/adnanapriliyansyah,Z2lkOi8vaGFja2Vyb25lL1VzZXIvMjg2NDU2NA==
873,mrstarclowns,82,,1,1,-3.5,,individual,https://hackerone.com/mrstarclowns,Z2lkOi8vaGFja2Vyb25lL1VzZXIvMjgyMTQ2NQ==
874,prasety0__,82,298903,0,1,-5.0,,individual,https://hackerone.com/prasety0__,Z2lkOi8vaGFja2Vyb25lL1VzZXIvMzAwNTM5NA==
875,mr-ts,82,298903,0,1,-5.0,,individual,https://hackerone.com/mr-ts,Z2lkOi8vaGFja2Vyb25lL1VzZXIvMzE1MTQwNw==
876,bobriva,82,298903,0,1,-5.0,,individual,https://hackerone.com/bobriva,Z2lkOi8vaGFja2Vyb25lL1VzZXIvMzQzNjMwNg==
877,ninja09x,82,298903,0,1,,,individual,https://hackerone.com/ninja09x,Z2lkOi8vaGFja2Vyb25lL1VzZXIvNDI1NDYwMg==
878,auswahlen,80,299380,0,0,-5.0,,individual,https://hackerone.com/auswahlen,Z2lkOi8vaGFja2Vyb25lL1VzZXIvMTU1NTE4MQ==
879,semid,80,299381,0,0,-5.0,,individual,https://hackerone.com/semid,Z2lkOi8vaGFja2Vyb25lL1VzZXIvMTg3MDk5MQ==
880,limmxx,80,299381,0,0,,,individual,https://hackerone.com/limmxx,Z2lkOi8vaGFja2Vyb25lL1VzZXIvMzEzOTkxMA==
881,akarkode,80,299380,0,0,,,individual,https://hackerone.com/akarkode,Z2lkOi8vaGFja2Vyb25lL1VzZXIvMzI0NjcyOA==
882,mashan1337,80,299380,0,0,,,individual,https://hackerone.com/mashan1337,Z2lkOi8vaGFja2Vyb25lL1VzZXIvMzM2NzUwOA==
883,kh4iri,80,299381,0,0,-5.0,,individual,https://hackerone.com/kh4iri,Z2lkOi8vaGFja2Vyb25lL1VzZXIvNDA3MDEyNQ==
884,passione1,80,299381,0,0,-5.0,,individual,https://hackerone.com/passione1,Z2lkOi8vaGFja2Vyb25lL1VzZXIvNDI1OTAwNQ==
885,darkgent,79,302170,2,2,-2.33,,individual,https://hackerone.com/darkgent,Z2lkOi8vaGFja2Vyb25lL1VzZXIvMTI4MzU1Mw==
886,zxc6775,77,302312,0,1,-5.0,,individual,https://hackerone.com/zxc6775,Z2lkOi8vaGFja2Vyb25lL1VzZXIvNDEzODg0
887,djoevanka,75,302626,0,0,-5.0,,individual,https://hackerone.com/djoevanka,Z2lkOi8vaGFja2Vyb25lL1VzZXIvMjEwMDc5NQ==
888,abudzar_al_gifari,75,302626,0,0,-5.0,,individual,https://hackerone.com/abudzar_al_gifari,Z2lkOi8vaGFja2Vyb25lL1VzZXIvMjEwMjczMw==
889,hellopentester,75,302626,0,0,-2.5,,individual,https://hackerone.com/hellopentester,Z2lkOi8vaGFja2Vyb25lL1VzZXIvMjY2NTA0
890,i_like_a25,75,302627,0,0,,,individual,https://hackerone.com/i_like_a25,Z2lkOi8vaGFja2Vyb25lL1VzZXIvMjg3MDk2OQ==
891,wongkebumen,75,302627,0,0,-5.0,,individual,https://hackerone.com/wongkebumen,Z2lkOi8vaGFja2Vyb25lL1VzZXIvNDA0MzA0Nw==
892,nabbbbbbbbb,72,304120,0,1,-6.67,,individual,https://hackerone.com/nabbbbbbbbb,Z2lkOi8vaGFja2Vyb25lL1VzZXIvMjYwMTg0Nw==
893,arc-squishy,72,304119,1,1,-4.0,,individual,https://hackerone.com/arc-squishy,Z2lkOi8vaGFja2Vyb25lL1VzZXIvODYxMzY0
894,shin_towel,71,304298,12,3,-1.0,,individual,https://hackerone.com/shin_towel,Z2lkOi8vaGFja2Vyb25lL1VzZXIvNDAzMDIw
895,maghua,71,304298,1,3,-3.87,,individual,https://hackerone.com/maghua,Z2lkOi8vaGFja2Vyb25lL1VzZXIvNzIwODYx
896,alioth_me,70,304342,0,0,-5.0,,individual,https://hackerone.com/alioth_me,Z2lkOi8vaGFja2Vyb25lL1VzZXIvMzI5NzMxNw==
897,utaa,70,304343,0,0,-5.0,,individual,https://hackerone.com/utaa,Z2lkOi8vaGFja2Vyb25lL1VzZXIvMzM3NDUzNQ==
898,ryan900,65,305461,0,0,-5.0,,individual,https://hackerone.com/ryan900,Z2lkOi8vaGFja2Vyb25lL1VzZXIvMTg3MTQ1Ng==
899,sayin,64,305963,0,2,-10.0,,individual,https://hackerone.com/sayin,Z2lkOi8vaGFja2Vyb25lL1VzZXIvMTQzOTUyNg==
900,bristlebug,64,305963,0,4,-2.19,,individual,https://hackerone.com/bristlebug,Z2lkOi8vaGFja2Vyb25lL1VzZXIvNjY1NDEz
901,katrok,57,306587,0,1,-5.0,,individual,https://hackerone.com/katrok,Z2lkOi8vaGFja2Vyb25lL1VzZXIvNTQ1MTU2
902,miscx911,56,306650,0,3,-5.0,,individual,https://hackerone.com/miscx911,Z2lkOi8vaGFja2Vyb25lL1VzZXIvMTQ5ODU0Mg==
903,vikishptraa,55,306675,0,0,,,individual,https://hackerone.com/vikishptraa,Z2lkOi8vaGFja2Vyb25lL1VzZXIvMTEyNTk0OQ==
904,nazila_d,55,306675,3,4,-2.6,,individual,https://hackerone.com/nazila_d,Z2lkOi8vaGFja2Vyb25lL1VzZXIvMTM0OTkxNg==
905,rizki21,55,306675,0,0,-5.0,,individual,https://hackerone.com/rizki21,Z2lkOi8vaGFja2Vyb25lL1VzZXIvMTQ4NDk0NA==
906,rahmatsetiawan6199,55,306676,0,0,-5.0,,individual,https://hackerone.com/rahmatsetiawan6199,Z2lkOi8vaGFja2Vyb25lL1VzZXIvMTU2MjMwMA==
907,rade0nx,55,306675,0,0,-5.0,,individual,https://hackerone.com/rade0nx,Z2lkOi8vaGFja2Vyb25lL1VzZXIvMjQ0MzIxNA==
908,zaen_hxr,54,306917,0,1,-5.0,,individual,https://hackerone.com/zaen_hxr,Z2lkOi8vaGFja2Vyb25lL1VzZXIvMTUwMjc3Ng==
909,spekpok,50,307038,0,0,-7.14,,individual,https://hackerone.com/spekpok,Z2lkOi8vaGFja2Vyb25lL1VzZXIvMzQ2ODA0Mg==
910,0xalter,42,307404,0,2,-5.0,,individual,https://hackerone.com/0xalter,Z2lkOi8vaGFja2Vyb25lL1VzZXIvMTk3MTgwMA==
911,logicjester,35,307578,0,0,-5.45,,individual,https://hackerone.com/logicjester,Z2lkOi8vaGFja2Vyb25lL1VzZXIvNDMyNTc2NA==
912,s4s0r1,29,307736,1,2,-4.37,,individual,https://hackerone.com/s4s0r1,Z2lkOi8vaGFja2Vyb25lL1VzZXIvMTQ2OTA0Mg==
913,helmi387,17,307905,0,1,-5.0,,individual,https://hackerone.com/helmi387,Z2lkOi8vaGFja2Vyb25lL1VzZXIvMTI0MTQxOQ==
